Server running in development mode on port 5000
Executing (default): SELECT 1+1 AS result
MySQL Connected: localhost:3306/smart_ai_internship
Executing (default): SELECT TABLE_NAME FROM INFORMATION_SCHEMA.TABLES WHERE TABLE_TYPE = 'BASE TABLE' AND TABLE_NAME = 'users' AND TABLE_SCHEMA = 'smart_ai_internship'
Executing (default): SHOW FULL COLUMNS FROM `users`;
Executing (default): SELECT CONSTRAINT_NAME as constraint_name,CONSTRAINT_NAME as constraintName,CONSTRAINT_SCHEMA as constraintSchema,CONSTRAINT_SCHEMA as constraintCatalog,TABLE_NAME as tableName,TABLE_SCHEMA as tableSchema,TABLE_SCHEMA as tableCatalog,COLUMN_NAME as columnName,REFERENCED_TABLE_SCHEMA as referencedTableSchema,REFERENCED_TABLE_SCHEMA as referencedTableCatalog,REFERENCED_TABLE_NAME as referencedTableName,REFERENCED_COLUMN_NAME as referencedColumnName FROM INFORMATION_SCHEMA.KEY_COLUMN_USAGE where TABLE_NAME = 'users' AND CONSTRAINT_NAME!='PRIMARY' AND CONSTRAINT_SCHEMA='smart_ai_internship' AND REFERENCED_TABLE_NAME IS NOT NULL;
Executing (default): ALTER TABLE `users` CHANGE `email` `email` VARCHAR(191) NOT NULL;
Executing (default): ALTER TABLE `users` CHANGE `password` `password` VARCHAR(255);
Executing (default): ALTER TABLE `users` CHANGE `role` `role` ENUM('student', 'company', 'admin', 'mentor') NOT NULL;
Executing (default): ALTER TABLE `users` CHANGE `isEmailVerified` `isEmailVerified` TINYINT(1) DEFAULT false;
Executing (default): ALTER TABLE `users` CHANGE `isActive` `isActive` TINYINT(1) DEFAULT true;
Executing (default): ALTER TABLE `users` CHANGE `googleId` `googleId` VARCHAR(191);
Executing (default): ALTER TABLE `users` CHANGE `avatar` `avatar` VARCHAR(500) DEFAULT NULL;
Executing (default): ALTER TABLE `users` CHANGE `emailVerificationToken` `emailVerificationToken` VARCHAR(255);
Executing (default): ALTER TABLE `users` CHANGE `emailVerificationExpire` `emailVerificationExpire` DATETIME;
Executing (default): ALTER TABLE `users` CHANGE `resetPasswordToken` `resetPasswordToken` VARCHAR(255);
Executing (default): ALTER TABLE `users` CHANGE `resetPasswordExpire` `resetPasswordExpire` DATETIME;
Executing (default): ALTER TABLE `users` CHANGE `otp` `otp` VARCHAR(255);
Executing (default): ALTER TABLE `users` CHANGE `otpExpire` `otpExpire` DATETIME;
Executing (default): ALTER TABLE `users` CHANGE `otpAttempts` `otpAttempts` INTEGER DEFAULT 0;
Executing (default): ALTER TABLE `users` CHANGE `lastLogin` `lastLogin` DATETIME;
Executing (default): ALTER TABLE `users` CHANGE `createdAt` `createdAt` DATETIME NOT NULL;
Executing (default): ALTER TABLE `users` CHANGE `updatedAt` `updatedAt` DATETIME NOT NULL;
Executing (default): SHOW INDEX FROM `users`
Executing (default): SELECT TABLE_NAME FROM INFORMATION_SCHEMA.TABLES WHERE TABLE_TYPE = 'BASE TABLE' AND TABLE_NAME = 'students' AND TABLE_SCHEMA = 'smart_ai_internship'
Executing (default): SHOW FULL COLUMNS FROM `students`;
Executing (default): SELECT CONSTRAINT_NAME as constraint_name,CONSTRAINT_NAME as constraintName,CONSTRAINT_SCHEMA as constraintSchema,CONSTRAINT_SCHEMA as constraintCatalog,TABLE_NAME as tableName,TABLE_SCHEMA as tableSchema,TABLE_SCHEMA as tableCatalog,COLUMN_NAME as columnName,REFERENCED_TABLE_SCHEMA as referencedTableSchema,REFERENCED_TABLE_SCHEMA as referencedTableCatalog,REFERENCED_TABLE_NAME as referencedTableName,REFERENCED_COLUMN_NAME as referencedColumnName FROM INFORMATION_SCHEMA.KEY_COLUMN_USAGE where TABLE_NAME = 'students' AND CONSTRAINT_NAME!='PRIMARY' AND CONSTRAINT_SCHEMA='smart_ai_internship' AND REFERENCED_TABLE_NAME IS NOT NULL;
Executing (default): SELECT CONSTRAINT_CATALOG AS constraintCatalog, CONSTRAINT_NAME AS constraintName, CONSTRAINT_SCHEMA AS constraintSchema, CONSTRAINT_TYPE AS constraintType, TABLE_NAME AS tableName, TABLE_SCHEMA AS tableSchema from INFORMATION_SCHEMA.TABLE_CONSTRAINTS WHERE table_name='students' AND constraint_name = 'students_ibfk_1' AND TABLE_SCHEMA = 'smart_ai_internship';
Executing (default): ALTER TABLE `students` DROP FOREIGN KEY `students_ibfk_1`;
Executing (default): ALTER TABLE `students` ADD FOREIGN KEY (`userId`) REFERENCES `users` (`id`) ON DELETE CASCADE ON UPDATE CASCADE;
Executing (default): ALTER TABLE `students` CHANGE `firstName` `firstName` VARCHAR(100) NOT NULL;
Executing (default): ALTER TABLE `students` CHANGE `lastName` `lastName` VARCHAR(100) NOT NULL;
Executing (default): ALTER TABLE `students` CHANGE `profilePicture` `profilePicture` VARCHAR(500) DEFAULT NULL;
Executing (default): ALTER TABLE `students` CHANGE `headline` `headline` VARCHAR(100);
Executing (default): ALTER TABLE `students` CHANGE `phone` `phone` VARCHAR(50);
Executing (default): ALTER TABLE `students` CHANGE `dateOfBirth` `dateOfBirth` DATE;
Executing (default): ALTER TABLE `students` CHANGE `bio` `bio` VARCHAR(500);
Executing (default): ALTER TABLE `students` CHANGE `locationCity` `locationCity` VARCHAR(100);
Executing (default): ALTER TABLE `students` CHANGE `locationState` `locationState` VARCHAR(100);
Executing (default): ALTER TABLE `students` CHANGE `locationCountry` `locationCountry` VARCHAR(100);
Executing (default): ALTER TABLE `students` CHANGE `socialLinkedin` `socialLinkedin` VARCHAR(500);
Executing (default): ALTER TABLE `students` CHANGE `socialGithub` `socialGithub` VARCHAR(500);
Executing (default): ALTER TABLE `students` CHANGE `socialPortfolio` `socialPortfolio` VARCHAR(500);
Executing (default): ALTER TABLE `students` CHANGE `socialTwitter` `socialTwitter` VARCHAR(500);
Executing (default): ALTER TABLE `students` CHANGE `resumeUrl` `resumeUrl` VARCHAR(500);
Executing (default): ALTER TABLE `students` CHANGE `resumeUploadedAt` `resumeUploadedAt` DATETIME;
Executing (default): ALTER TABLE `students` CHANGE `preferenceJobTypes` `preferenceJobTypes` JSON;
Executing (default): ALTER TABLE `students` CHANGE `preferenceIndustries` `preferenceIndustries` JSON;
Executing (default): ALTER TABLE `students` CHANGE `preferenceLocations` `preferenceLocations` JSON;
Executing (default): ALTER TABLE `students` CHANGE `preferenceRemoteWork` `preferenceRemoteWork` TINYINT(1) DEFAULT true;
Executing (default): ALTER TABLE `students` CHANGE `statTasksCompleted` `statTasksCompleted` INTEGER DEFAULT 0;
Executing (default): ALTER TABLE `students` CHANGE `statTasksInProgress` `statTasksInProgress` INTEGER DEFAULT 0;
Executing (default): ALTER TABLE `students` CHANGE `statCertificatesEarned` `statCertificatesEarned` INTEGER DEFAULT 0;
Executing (default): ALTER TABLE `students` CHANGE `statAverageRating` `statAverageRating` DECIMAL(3,2) DEFAULT 0;
Executing (default): ALTER TABLE `students` CHANGE `statTotalRatings` `statTotalRatings` INTEGER DEFAULT 0;
Executing (default): ALTER TABLE `students` CHANGE `profileCompletion` `profileCompletion` INTEGER DEFAULT 0;
Executing (default): ALTER TABLE `students` CHANGE `isProfilePublic` `isProfilePublic` TINYINT(1) DEFAULT true;
Executing (default): ALTER TABLE `students` CHANGE `createdAt` `createdAt` DATETIME NOT NULL;
Executing (default): ALTER TABLE `students` CHANGE `updatedAt` `updatedAt` DATETIME NOT NULL;
Executing (default): SHOW INDEX FROM `students`
Executing (default): SELECT TABLE_NAME FROM INFORMATION_SCHEMA.TABLES WHERE TABLE_TYPE = 'BASE TABLE' AND TABLE_NAME = 'student_education' AND TABLE_SCHEMA = 'smart_ai_internship'
Executing (default): SHOW FULL COLUMNS FROM `student_education`;
Executing (default): SELECT CONSTRAINT_NAME as constraint_name,CONSTRAINT_NAME as constraintName,CONSTRAINT_SCHEMA as constraintSchema,CONSTRAINT_SCHEMA as constraintCatalog,TABLE_NAME as tableName,TABLE_SCHEMA as tableSchema,TABLE_SCHEMA as tableCatalog,COLUMN_NAME as columnName,REFERENCED_TABLE_SCHEMA as referencedTableSchema,REFERENCED_TABLE_SCHEMA as referencedTableCatalog,REFERENCED_TABLE_NAME as referencedTableName,REFERENCED_COLUMN_NAME as referencedColumnName FROM INFORMATION_SCHEMA.KEY_COLUMN_USAGE where TABLE_NAME = 'student_education' AND CONSTRAINT_NAME!='PRIMARY' AND CONSTRAINT_SCHEMA='smart_ai_internship' AND REFERENCED_TABLE_NAME IS NOT NULL;
Executing (default): SELECT CONSTRAINT_CATALOG AS constraintCatalog, CONSTRAINT_NAME AS constraintName, CONSTRAINT_SCHEMA AS constraintSchema, CONSTRAINT_TYPE AS constraintType, TABLE_NAME AS tableName, TABLE_SCHEMA AS tableSchema from INFORMATION_SCHEMA.TABLE_CONSTRAINTS WHERE table_name='student_education' AND constraint_name = 'student_education_ibfk_1' AND TABLE_SCHEMA = 'smart_ai_internship';
Executing (default): ALTER TABLE `student_education` DROP FOREIGN KEY `student_education_ibfk_1`;
Executing (default): ALTER TABLE `student_education` ADD FOREIGN KEY (`studentId`) REFERENCES `students` (`id`) ON DELETE CASCADE ON UPDATE CASCADE;
Executing (default): ALTER TABLE `student_education` CHANGE `institution` `institution` VARCHAR(255) NOT NULL;
Executing (default): ALTER TABLE `student_education` CHANGE `degree` `degree` VARCHAR(255) NOT NULL;
Executing (default): ALTER TABLE `student_education` CHANGE `fieldOfStudy` `fieldOfStudy` VARCHAR(255);
Executing (default): ALTER TABLE `student_education` CHANGE `startYear` `startYear` INTEGER;
Executing (default): ALTER TABLE `student_education` CHANGE `endYear` `endYear` INTEGER;
Executing (default): ALTER TABLE `student_education` CHANGE `isCurrentlyStudying` `isCurrentlyStudying` TINYINT(1) DEFAULT false;
Executing (default): ALTER TABLE `student_education` CHANGE `grade` `grade` VARCHAR(100);
Executing (default): ALTER TABLE `student_education` CHANGE `description` `description` TEXT;
Executing (default): ALTER TABLE `student_education` CHANGE `createdAt` `createdAt` DATETIME NOT NULL;
Executing (default): ALTER TABLE `student_education` CHANGE `updatedAt` `updatedAt` DATETIME NOT NULL;
Executing (default): SHOW INDEX FROM `student_education`
Executing (default): SELECT TABLE_NAME FROM INFORMATION_SCHEMA.TABLES WHERE TABLE_TYPE = 'BASE TABLE' AND TABLE_NAME = 'student_skills' AND TABLE_SCHEMA = 'smart_ai_internship'
Executing (default): SHOW FULL COLUMNS FROM `student_skills`;
Executing (default): SELECT CONSTRAINT_NAME as constraint_name,CONSTRAINT_NAME as constraintName,CONSTRAINT_SCHEMA as constraintSchema,CONSTRAINT_SCHEMA as constraintCatalog,TABLE_NAME as tableName,TABLE_SCHEMA as tableSchema,TABLE_SCHEMA as tableCatalog,COLUMN_NAME as columnName,REFERENCED_TABLE_SCHEMA as referencedTableSchema,REFERENCED_TABLE_SCHEMA as referencedTableCatalog,REFERENCED_TABLE_NAME as referencedTableName,REFERENCED_COLUMN_NAME as referencedColumnName FROM INFORMATION_SCHEMA.KEY_COLUMN_USAGE where TABLE_NAME = 'student_skills' AND CONSTRAINT_NAME!='PRIMARY' AND CONSTRAINT_SCHEMA='smart_ai_internship' AND REFERENCED_TABLE_NAME IS NOT NULL;
Executing (default): SELECT CONSTRAINT_CATALOG AS constraintCatalog, CONSTRAINT_NAME AS constraintName, CONSTRAINT_SCHEMA AS constraintSchema, CONSTRAINT_TYPE AS constraintType, TABLE_NAME AS tableName, TABLE_SCHEMA AS tableSchema from INFORMATION_SCHEMA.TABLE_CONSTRAINTS WHERE table_name='student_skills' AND constraint_name = 'student_skills_ibfk_1' AND TABLE_SCHEMA = 'smart_ai_internship';
Executing (default): ALTER TABLE `student_skills` DROP FOREIGN KEY `student_skills_ibfk_1`;
Executing (default): ALTER TABLE `student_skills` ADD FOREIGN KEY (`studentId`) REFERENCES `students` (`id`) ON DELETE CASCADE ON UPDATE CASCADE;
Executing (default): ALTER TABLE `student_skills` CHANGE `name` `name` VARCHAR(150) NOT NULL;
Executing (default): ALTER TABLE `student_skills` CHANGE `level` `level` ENUM('Beginner', 'Intermediate', 'Advanced', 'Expert') DEFAULT 'Intermediate';
Executing (default): ALTER TABLE `student_skills` CHANGE `createdAt` `createdAt` DATETIME NOT NULL;
Executing (default): ALTER TABLE `student_skills` CHANGE `updatedAt` `updatedAt` DATETIME NOT NULL;
Executing (default): SHOW INDEX FROM `student_skills`
Executing (default): SELECT TABLE_NAME FROM INFORMATION_SCHEMA.TABLES WHERE TABLE_TYPE = 'BASE TABLE' AND TABLE_NAME = 'student_experiences' AND TABLE_SCHEMA = 'smart_ai_internship'
Executing (default): SHOW FULL COLUMNS FROM `student_experiences`;
Executing (default): SELECT CONSTRAINT_NAME as constraint_name,CONSTRAINT_NAME as constraintName,CONSTRAINT_SCHEMA as constraintSchema,CONSTRAINT_SCHEMA as constraintCatalog,TABLE_NAME as tableName,TABLE_SCHEMA as tableSchema,TABLE_SCHEMA as tableCatalog,COLUMN_NAME as columnName,REFERENCED_TABLE_SCHEMA as referencedTableSchema,REFERENCED_TABLE_SCHEMA as referencedTableCatalog,REFERENCED_TABLE_NAME as referencedTableName,REFERENCED_COLUMN_NAME as referencedColumnName FROM INFORMATION_SCHEMA.KEY_COLUMN_USAGE where TABLE_NAME = 'student_experiences' AND CONSTRAINT_NAME!='PRIMARY' AND CONSTRAINT_SCHEMA='smart_ai_internship' AND REFERENCED_TABLE_NAME IS NOT NULL;
Executing (default): SELECT CONSTRAINT_CATALOG AS constraintCatalog, CONSTRAINT_NAME AS constraintName, CONSTRAINT_SCHEMA AS constraintSchema, CONSTRAINT_TYPE AS constraintType, TABLE_NAME AS tableName, TABLE_SCHEMA AS tableSchema from INFORMATION_SCHEMA.TABLE_CONSTRAINTS WHERE table_name='student_experiences' AND constraint_name = 'student_experiences_ibfk_1' AND TABLE_SCHEMA = 'smart_ai_internship';
Executing (default): ALTER TABLE `student_experiences` DROP FOREIGN KEY `student_experiences_ibfk_1`;
Executing (default): ALTER TABLE `student_experiences` ADD FOREIGN KEY (`studentId`) REFERENCES `students` (`id`) ON DELETE CASCADE ON UPDATE CASCADE;
Executing (default): ALTER TABLE `student_experiences` CHANGE `title` `title` VARCHAR(255) NOT NULL;
Executing (default): ALTER TABLE `student_experiences` CHANGE `company` `company` VARCHAR(255);
Executing (default): ALTER TABLE `student_experiences` CHANGE `employmentType` `employmentType` ENUM('Full-time', 'Part-time', 'Internship', 'Freelance');
Executing (default): ALTER TABLE `student_experiences` CHANGE `location` `location` VARCHAR(255);
Executing (default): ALTER TABLE `student_experiences` CHANGE `startDate` `startDate` VARCHAR(50);
Executing (default): ALTER TABLE `student_experiences` CHANGE `endDate` `endDate` VARCHAR(50);
Executing (default): ALTER TABLE `student_experiences` CHANGE `isCurrentlyWorking` `isCurrentlyWorking` TINYINT(1) DEFAULT false;
Executing (default): ALTER TABLE `student_experiences` CHANGE `description` `description` TEXT;
Executing (default): ALTER TABLE `student_experiences` CHANGE `skills` `skills` JSON;
Executing (default): ALTER TABLE `student_experiences` CHANGE `createdAt` `createdAt` DATETIME NOT NULL;
Executing (default): ALTER TABLE `student_experiences` CHANGE `updatedAt` `updatedAt` DATETIME NOT NULL;
Executing (default): SHOW INDEX FROM `student_experiences`
Executing (default): SELECT TABLE_NAME FROM INFORMATION_SCHEMA.TABLES WHERE TABLE_TYPE = 'BASE TABLE' AND TABLE_NAME = 'student_projects' AND TABLE_SCHEMA = 'smart_ai_internship'
Executing (default): SHOW FULL COLUMNS FROM `student_projects`;
Executing (default): SELECT CONSTRAINT_NAME as constraint_name,CONSTRAINT_NAME as constraintName,CONSTRAINT_SCHEMA as constraintSchema,CONSTRAINT_SCHEMA as constraintCatalog,TABLE_NAME as tableName,TABLE_SCHEMA as tableSchema,TABLE_SCHEMA as tableCatalog,COLUMN_NAME as columnName,REFERENCED_TABLE_SCHEMA as referencedTableSchema,REFERENCED_TABLE_SCHEMA as referencedTableCatalog,REFERENCED_TABLE_NAME as referencedTableName,REFERENCED_COLUMN_NAME as referencedColumnName FROM INFORMATION_SCHEMA.KEY_COLUMN_USAGE where TABLE_NAME = 'student_projects' AND CONSTRAINT_NAME!='PRIMARY' AND CONSTRAINT_SCHEMA='smart_ai_internship' AND REFERENCED_TABLE_NAME IS NOT NULL;
Executing (default): SELECT CONSTRAINT_CATALOG AS constraintCatalog, CONSTRAINT_NAME AS constraintName, CONSTRAINT_SCHEMA AS constraintSchema, CONSTRAINT_TYPE AS constraintType, TABLE_NAME AS tableName, TABLE_SCHEMA AS tableSchema from INFORMATION_SCHEMA.TABLE_CONSTRAINTS WHERE table_name='student_projects' AND constraint_name = 'student_projects_ibfk_1' AND TABLE_SCHEMA = 'smart_ai_internship';
Executing (default): ALTER TABLE `student_projects` DROP FOREIGN KEY `student_projects_ibfk_1`;
Executing (default): ALTER TABLE `student_projects` ADD FOREIGN KEY (`studentId`) REFERENCES `students` (`id`) ON DELETE CASCADE ON UPDATE CASCADE;
Executing (default): ALTER TABLE `student_projects` CHANGE `title` `title` VARCHAR(255) NOT NULL;
Executing (default): ALTER TABLE `student_projects` CHANGE `description` `description` TEXT;
Executing (default): ALTER TABLE `student_projects` CHANGE `techStack` `techStack` JSON;
Executing (default): ALTER TABLE `student_projects` CHANGE `projectUrl` `projectUrl` VARCHAR(500);
Executing (default): ALTER TABLE `student_projects` CHANGE `githubUrl` `githubUrl` VARCHAR(500);
Executing (default): ALTER TABLE `student_projects` CHANGE `thumbnailUrl` `thumbnailUrl` VARCHAR(500);
Executing (default): ALTER TABLE `student_projects` CHANGE `startDate` `startDate` VARCHAR(50);
Executing (default): ALTER TABLE `student_projects` CHANGE `endDate` `endDate` VARCHAR(50);
Executing (default): ALTER TABLE `student_projects` CHANGE `createdAt` `createdAt` DATETIME NOT NULL;
Executing (default): ALTER TABLE `student_projects` CHANGE `updatedAt` `updatedAt` DATETIME NOT NULL;
Executing (default): SHOW INDEX FROM `student_projects`
Executing (default): SELECT TABLE_NAME FROM INFORMATION_SCHEMA.TABLES WHERE TABLE_TYPE = 'BASE TABLE' AND TABLE_NAME = 'student_certificates' AND TABLE_SCHEMA = 'smart_ai_internship'
Executing (default): SHOW FULL COLUMNS FROM `student_certificates`;
Executing (default): SELECT CONSTRAINT_NAME as constraint_name,CONSTRAINT_NAME as constraintName,CONSTRAINT_SCHEMA as constraintSchema,CONSTRAINT_SCHEMA as constraintCatalog,TABLE_NAME as tableName,TABLE_SCHEMA as tableSchema,TABLE_SCHEMA as tableCatalog,COLUMN_NAME as columnName,REFERENCED_TABLE_SCHEMA as referencedTableSchema,REFERENCED_TABLE_SCHEMA as referencedTableCatalog,REFERENCED_TABLE_NAME as referencedTableName,REFERENCED_COLUMN_NAME as referencedColumnName FROM INFORMATION_SCHEMA.KEY_COLUMN_USAGE where TABLE_NAME = 'student_certificates' AND CONSTRAINT_NAME!='PRIMARY' AND CONSTRAINT_SCHEMA='smart_ai_internship' AND REFERENCED_TABLE_NAME IS NOT NULL;
Executing (default): SELECT CONSTRAINT_CATALOG AS constraintCatalog, CONSTRAINT_NAME AS constraintName, CONSTRAINT_SCHEMA AS constraintSchema, CONSTRAINT_TYPE AS constraintType, TABLE_NAME AS tableName, TABLE_SCHEMA AS tableSchema from INFORMATION_SCHEMA.TABLE_CONSTRAINTS WHERE table_name='student_certificates' AND constraint_name = 'student_certificates_ibfk_1' AND TABLE_SCHEMA = 'smart_ai_internship';
Executing (default): ALTER TABLE `student_certificates` DROP FOREIGN KEY `student_certificates_ibfk_1`;
Executing (default): ALTER TABLE `student_certificates` ADD FOREIGN KEY (`studentId`) REFERENCES `students` (`id`) ON DELETE CASCADE ON UPDATE CASCADE;
Executing (default): ALTER TABLE `student_certificates` CHANGE `title` `title` VARCHAR(255) NOT NULL;
Executing (default): ALTER TABLE `student_certificates` CHANGE `issuer` `issuer` VARCHAR(255);
Executing (default): ALTER TABLE `student_certificates` CHANGE `issueDate` `issueDate` VARCHAR(50);
Executing (default): ALTER TABLE `student_certificates` CHANGE `expiryDate` `expiryDate` VARCHAR(50);
Executing (default): ALTER TABLE `student_certificates` CHANGE `credentialId` `credentialId` VARCHAR(255);
Executing (default): ALTER TABLE `student_certificates` CHANGE `credentialUrl` `credentialUrl` VARCHAR(500);
Executing (default): ALTER TABLE `student_certificates` CHANGE `certificateImage` `certificateImage` VARCHAR(500);
Executing (default): ALTER TABLE `student_certificates` CHANGE `isNexInternCertificate` `isNexInternCertificate` TINYINT(1) DEFAULT false;
Executing (default): ALTER TABLE `student_certificates` CHANGE `createdAt` `createdAt` DATETIME NOT NULL;
Executing (default): ALTER TABLE `student_certificates` CHANGE `updatedAt` `updatedAt` DATETIME NOT NULL;
Executing (default): SHOW INDEX FROM `student_certificates`
Executing (default): SELECT TABLE_NAME FROM INFORMATION_SCHEMA.TABLES WHERE TABLE_TYPE = 'BASE TABLE' AND TABLE_NAME = 'companies' AND TABLE_SCHEMA = 'smart_ai_internship'
Executing (default): SHOW FULL COLUMNS FROM `companies`;
Executing (default): SELECT CONSTRAINT_NAME as constraint_name,CONSTRAINT_NAME as constraintName,CONSTRAINT_SCHEMA as constraintSchema,CONSTRAINT_SCHEMA as constraintCatalog,TABLE_NAME as tableName,TABLE_SCHEMA as tableSchema,TABLE_SCHEMA as tableCatalog,COLUMN_NAME as columnName,REFERENCED_TABLE_SCHEMA as referencedTableSchema,REFERENCED_TABLE_SCHEMA as referencedTableCatalog,REFERENCED_TABLE_NAME as referencedTableName,REFERENCED_COLUMN_NAME as referencedColumnName FROM INFORMATION_SCHEMA.KEY_COLUMN_USAGE where TABLE_NAME = 'companies' AND CONSTRAINT_NAME!='PRIMARY' AND CONSTRAINT_SCHEMA='smart_ai_internship' AND REFERENCED_TABLE_NAME IS NOT NULL;
Executing (default): SELECT CONSTRAINT_CATALOG AS constraintCatalog, CONSTRAINT_NAME AS constraintName, CONSTRAINT_SCHEMA AS constraintSchema, CONSTRAINT_TYPE AS constraintType, TABLE_NAME AS tableName, TABLE_SCHEMA AS tableSchema from INFORMATION_SCHEMA.TABLE_CONSTRAINTS WHERE table_name='companies' AND constraint_name = 'companies_ibfk_1' AND TABLE_SCHEMA = 'smart_ai_internship';
Executing (default): ALTER TABLE `companies` DROP FOREIGN KEY `companies_ibfk_1`;
Executing (default): ALTER TABLE `companies` ADD FOREIGN KEY (`userId`) REFERENCES `users` (`id`) ON DELETE CASCADE ON UPDATE CASCADE;
Executing (default): ALTER TABLE `companies` CHANGE `companyName` `companyName` VARCHAR(255) NOT NULL;
Executing (default): ALTER TABLE `companies` CHANGE `companySize` `companySize` ENUM('1-10', '11-50', '51-200', '201-500', '501-1000', '1000+');
Executing (default): ALTER TABLE `companies` CHANGE `industry` `industry` VARCHAR(150) NOT NULL;
Executing (default): ALTER TABLE `companies` CHANGE `foundedYear` `foundedYear` INTEGER;
Executing (default): ALTER TABLE `companies` CHANGE `website` `website` VARCHAR(500);
Executing (default): ALTER TABLE `companies` CHANGE `description` `description` VARCHAR(1000);
Executing (default): ALTER TABLE `companies` CHANGE `logo` `logo` VARCHAR(500);
Executing (default): ALTER TABLE `companies` CHANGE `coverImage` `coverImage` VARCHAR(500);
Executing (default): ALTER TABLE `companies` CHANGE `locationAddress` `locationAddress` VARCHAR(255);
Executing (default): ALTER TABLE `companies` CHANGE `locationCity` `locationCity` VARCHAR(100);
Executing (default): ALTER TABLE `companies` CHANGE `locationState` `locationState` VARCHAR(100);
Executing (default): ALTER TABLE `companies` CHANGE `locationCountry` `locationCountry` VARCHAR(100);
Executing (default): ALTER TABLE `companies` CHANGE `locationZipCode` `locationZipCode` VARCHAR(30);
Executing (default): ALTER TABLE `companies` CHANGE `contactPhone` `contactPhone` VARCHAR(50);
Executing (default): ALTER TABLE `companies` CHANGE `contactEmail` `contactEmail` VARCHAR(191);
Executing (default): ALTER TABLE `companies` CHANGE `contactPersonName` `contactPersonName` VARCHAR(150);
Executing (default): ALTER TABLE `companies` CHANGE `contactPersonDesignation` `contactPersonDesignation` VARCHAR(150);
Executing (default): ALTER TABLE `companies` CHANGE `contactPersonEmail` `contactPersonEmail` VARCHAR(191);
Executing (default): ALTER TABLE `companies` CHANGE `contactPersonPhone` `contactPersonPhone` VARCHAR(50);
Executing (default): ALTER TABLE `companies` CHANGE `socialLinkedin` `socialLinkedin` VARCHAR(500);
Executing (default): ALTER TABLE `companies` CHANGE `socialTwitter` `socialTwitter` VARCHAR(500);
Executing (default): ALTER TABLE `companies` CHANGE `socialFacebook` `socialFacebook` VARCHAR(500);
Executing (default): ALTER TABLE `companies` CHANGE `socialInstagram` `socialInstagram` VARCHAR(500);
Executing (default): ALTER TABLE `companies` CHANGE `cultureValues` `cultureValues` JSON;
Executing (default): ALTER TABLE `companies` CHANGE `cultureBenefits` `cultureBenefits` JSON;
Executing (default): ALTER TABLE `companies` CHANGE `cultureWorkEnvironment` `cultureWorkEnvironment` VARCHAR(500);
Executing (default): ALTER TABLE `companies` CHANGE `verificationIsVerified` `verificationIsVerified` TINYINT(1) DEFAULT false;
Executing (default): ALTER TABLE `companies` CHANGE `verificationVerifiedAt` `verificationVerifiedAt` DATETIME;
Executing (default): ALTER TABLE `companies` CHANGE `statActiveTasks` `statActiveTasks` INTEGER DEFAULT 0;
Executing (default): ALTER TABLE `companies` CHANGE `statCompletedTasks` `statCompletedTasks` INTEGER DEFAULT 0;
Executing (default): ALTER TABLE `companies` CHANGE `statTotalApplications` `statTotalApplications` INTEGER DEFAULT 0;
Executing (default): ALTER TABLE `companies` CHANGE `statHiredCandidates` `statHiredCandidates` INTEGER DEFAULT 0;
Executing (default): ALTER TABLE `companies` CHANGE `statAverageRating` `statAverageRating` DECIMAL(3,2) DEFAULT 0;
Executing (default): ALTER TABLE `companies` CHANGE `statTotalRatings` `statTotalRatings` INTEGER DEFAULT 0;
Executing (default): ALTER TABLE `companies` CHANGE `profileCompletion` `profileCompletion` INTEGER DEFAULT 0;
Executing (default): ALTER TABLE `companies` CHANGE `isProfilePublic` `isProfilePublic` TINYINT(1) DEFAULT true;
Executing (default): ALTER TABLE `companies` CHANGE `subscriptionPlan` `subscriptionPlan` ENUM('free', 'basic', 'premium', 'enterprise') DEFAULT 'free';
Executing (default): ALTER TABLE `companies` CHANGE `subscriptionExpiry` `subscriptionExpiry` DATETIME;
Executing (default): ALTER TABLE `companies` CHANGE `createdAt` `createdAt` DATETIME NOT NULL;
Executing (default): ALTER TABLE `companies` CHANGE `updatedAt` `updatedAt` DATETIME NOT NULL;
Executing (default): SHOW INDEX FROM `companies`
Executing (default): SELECT TABLE_NAME FROM INFORMATION_SCHEMA.TABLES WHERE TABLE_TYPE = 'BASE TABLE' AND TABLE_NAME = 'company_team_members' AND TABLE_SCHEMA = 'smart_ai_internship'
Executing (default): SHOW FULL COLUMNS FROM `company_team_members`;
Executing (default): SELECT CONSTRAINT_NAME as constraint_name,CONSTRAINT_NAME as constraintName,CONSTRAINT_SCHEMA as constraintSchema,CONSTRAINT_SCHEMA as constraintCatalog,TABLE_NAME as tableName,TABLE_SCHEMA as tableSchema,TABLE_SCHEMA as tableCatalog,COLUMN_NAME as columnName,REFERENCED_TABLE_SCHEMA as referencedTableSchema,REFERENCED_TABLE_SCHEMA as referencedTableCatalog,REFERENCED_TABLE_NAME as referencedTableName,REFERENCED_COLUMN_NAME as referencedColumnName FROM INFORMATION_SCHEMA.KEY_COLUMN_USAGE where TABLE_NAME = 'company_team_members' AND CONSTRAINT_NAME!='PRIMARY' AND CONSTRAINT_SCHEMA='smart_ai_internship' AND REFERENCED_TABLE_NAME IS NOT NULL;
Executing (default): SELECT CONSTRAINT_CATALOG AS constraintCatalog, CONSTRAINT_NAME AS constraintName, CONSTRAINT_SCHEMA AS constraintSchema, CONSTRAINT_TYPE AS constraintType, TABLE_NAME AS tableName, TABLE_SCHEMA AS tableSchema from INFORMATION_SCHEMA.TABLE_CONSTRAINTS WHERE table_name='company_team_members' AND constraint_name = 'company_team_members_ibfk_1' AND TABLE_SCHEMA = 'smart_ai_internship';
Executing (default): ALTER TABLE `company_team_members` DROP FOREIGN KEY `company_team_members_ibfk_1`;
Executing (default): ALTER TABLE `company_team_members` ADD FOREIGN KEY (`companyId`) REFERENCES `companies` (`id`) ON DELETE CASCADE ON UPDATE CASCADE;
Executing (default): ALTER TABLE `company_team_members` CHANGE `name` `name` VARCHAR(150);
Executing (default): ALTER TABLE `company_team_members` CHANGE `designation` `designation` VARCHAR(150);
Executing (default): ALTER TABLE `company_team_members` CHANGE `avatar` `avatar` VARCHAR(500);
Executing (default): ALTER TABLE `company_team_members` CHANGE `bio` `bio` VARCHAR(500);
Executing (default): ALTER TABLE `company_team_members` CHANGE `linkedIn` `linkedIn` VARCHAR(500);
Executing (default): ALTER TABLE `company_team_members` CHANGE `createdAt` `createdAt` DATETIME NOT NULL;
Executing (default): ALTER TABLE `company_team_members` CHANGE `updatedAt` `updatedAt` DATETIME NOT NULL;
Executing (default): SHOW INDEX FROM `company_team_members`
Executing (default): SELECT TABLE_NAME FROM INFORMATION_SCHEMA.TABLES WHERE TABLE_TYPE = 'BASE TABLE' AND TABLE_NAME = 'company_verification_documents' AND TABLE_SCHEMA = 'smart_ai_internship'
Executing (default): SHOW FULL COLUMNS FROM `company_verification_documents`;
Executing (default): SELECT CONSTRAINT_NAME as constraint_name,CONSTRAINT_NAME as constraintName,CONSTRAINT_SCHEMA as constraintSchema,CONSTRAINT_SCHEMA as constraintCatalog,TABLE_NAME as tableName,TABLE_SCHEMA as tableSchema,TABLE_SCHEMA as tableCatalog,COLUMN_NAME as columnName,REFERENCED_TABLE_SCHEMA as referencedTableSchema,REFERENCED_TABLE_SCHEMA as referencedTableCatalog,REFERENCED_TABLE_NAME as referencedTableName,REFERENCED_COLUMN_NAME as referencedColumnName FROM INFORMATION_SCHEMA.KEY_COLUMN_USAGE where TABLE_NAME = 'company_verification_documents' AND CONSTRAINT_NAME!='PRIMARY' AND CONSTRAINT_SCHEMA='smart_ai_internship' AND REFERENCED_TABLE_NAME IS NOT NULL;
Executing (default): SELECT CONSTRAINT_CATALOG AS constraintCatalog, CONSTRAINT_NAME AS constraintName, CONSTRAINT_SCHEMA AS constraintSchema, CONSTRAINT_TYPE AS constraintType, TABLE_NAME AS tableName, TABLE_SCHEMA AS tableSchema from INFORMATION_SCHEMA.TABLE_CONSTRAINTS WHERE table_name='company_verification_documents' AND constraint_name = 'company_verification_documents_ibfk_1' AND TABLE_SCHEMA = 'smart_ai_internship';
Executing (default): ALTER TABLE `company_verification_documents` DROP FOREIGN KEY `company_verification_documents_ibfk_1`;
Executing (default): ALTER TABLE `company_verification_documents` ADD FOREIGN KEY (`companyId`) REFERENCES `companies` (`id`) ON DELETE CASCADE ON UPDATE CASCADE;
Executing (default): ALTER TABLE `company_verification_documents` CHANGE `type` `type` VARCHAR(100);
Executing (default): ALTER TABLE `company_verification_documents` CHANGE `url` `url` VARCHAR(500);
Executing (default): ALTER TABLE `company_verification_documents` CHANGE `uploadedAt` `uploadedAt` DATETIME;
Executing (default): ALTER TABLE `company_verification_documents` CHANGE `createdAt` `createdAt` DATETIME NOT NULL;
Executing (default): ALTER TABLE `company_verification_documents` CHANGE `updatedAt` `updatedAt` DATETIME NOT NULL;
Executing (default): SHOW INDEX FROM `company_verification_documents`
Executing (default): SELECT TABLE_NAME FROM INFORMATION_SCHEMA.TABLES WHERE TABLE_TYPE = 'BASE TABLE' AND TABLE_NAME = 'admins' AND TABLE_SCHEMA = 'smart_ai_internship'
Executing (default): SHOW FULL COLUMNS FROM `admins`;
Executing (default): SELECT CONSTRAINT_NAME as constraint_name,CONSTRAINT_NAME as constraintName,CONSTRAINT_SCHEMA as constraintSchema,CONSTRAINT_SCHEMA as constraintCatalog,TABLE_NAME as tableName,TABLE_SCHEMA as tableSchema,TABLE_SCHEMA as tableCatalog,COLUMN_NAME as columnName,REFERENCED_TABLE_SCHEMA as referencedTableSchema,REFERENCED_TABLE_SCHEMA as referencedTableCatalog,REFERENCED_TABLE_NAME as referencedTableName,REFERENCED_COLUMN_NAME as referencedColumnName FROM INFORMATION_SCHEMA.KEY_COLUMN_USAGE where TABLE_NAME = 'admins' AND CONSTRAINT_NAME!='PRIMARY' AND CONSTRAINT_SCHEMA='smart_ai_internship' AND REFERENCED_TABLE_NAME IS NOT NULL;
Executing (default): SELECT CONSTRAINT_CATALOG AS constraintCatalog, CONSTRAINT_NAME AS constraintName, CONSTRAINT_SCHEMA AS constraintSchema, CONSTRAINT_TYPE AS constraintType, TABLE_NAME AS tableName, TABLE_SCHEMA AS tableSchema from INFORMATION_SCHEMA.TABLE_CONSTRAINTS WHERE table_name='admins' AND constraint_name = 'admins_ibfk_1' AND TABLE_SCHEMA = 'smart_ai_internship';
Executing (default): ALTER TABLE `admins` DROP FOREIGN KEY `admins_ibfk_1`;
Executing (default): ALTER TABLE `admins` ADD FOREIGN KEY (`userId`) REFERENCES `users` (`id`) ON DELETE CASCADE ON UPDATE CASCADE;
Executing (default): ALTER TABLE `admins` CHANGE `firstName` `firstName` VARCHAR(100) NOT NULL;
Executing (default): ALTER TABLE `admins` CHANGE `lastName` `lastName` VARCHAR(100) NOT NULL;
Executing (default): ALTER TABLE `admins` CHANGE `phone` `phone` VARCHAR(50);
Executing (default): ALTER TABLE `admins` CHANGE `permManageUsers` `permManageUsers` TINYINT(1) DEFAULT true;
Executing (default): ALTER TABLE `admins` CHANGE `permManageTasks` `permManageTasks` TINYINT(1) DEFAULT true;
Executing (default): ALTER TABLE `admins` CHANGE `permManageCompanies` `permManageCompanies` TINYINT(1) DEFAULT true;
Executing (default): ALTER TABLE `admins` CHANGE `permManageStudents` `permManageStudents` TINYINT(1) DEFAULT true;
Executing (default): ALTER TABLE `admins` CHANGE `permViewAnalytics` `permViewAnalytics` TINYINT(1) DEFAULT true;
Executing (default): ALTER TABLE `admins` CHANGE `permManageContent` `permManageContent` TINYINT(1) DEFAULT true;
Executing (default): ALTER TABLE `admins` CHANGE `permSystemSettings` `permSystemSettings` TINYINT(1) DEFAULT false;
Executing (default): ALTER TABLE `admins` CHANGE `isSuperAdmin` `isSuperAdmin` TINYINT(1) DEFAULT false;
Executing (default): ALTER TABLE `admins` CHANGE `lastActivity` `lastActivity` DATETIME;
Executing (default): ALTER TABLE `admins` CHANGE `createdAt` `createdAt` DATETIME NOT NULL;
Executing (default): ALTER TABLE `admins` CHANGE `updatedAt` `updatedAt` DATETIME NOT NULL;
Executing (default): SHOW INDEX FROM `admins`
Executing (default): SELECT TABLE_NAME FROM INFORMATION_SCHEMA.TABLES WHERE TABLE_TYPE = 'BASE TABLE' AND TABLE_NAME = 'tasks' AND TABLE_SCHEMA = 'smart_ai_internship'
Executing (default): SHOW FULL COLUMNS FROM `tasks`;
Executing (default): SELECT CONSTRAINT_NAME as constraint_name,CONSTRAINT_NAME as constraintName,CONSTRAINT_SCHEMA as constraintSchema,CONSTRAINT_SCHEMA as constraintCatalog,TABLE_NAME as tableName,TABLE_SCHEMA as tableSchema,TABLE_SCHEMA as tableCatalog,COLUMN_NAME as columnName,REFERENCED_TABLE_SCHEMA as referencedTableSchema,REFERENCED_TABLE_SCHEMA as referencedTableCatalog,REFERENCED_TABLE_NAME as referencedTableName,REFERENCED_COLUMN_NAME as referencedColumnName FROM INFORMATION_SCHEMA.KEY_COLUMN_USAGE where TABLE_NAME = 'tasks' AND CONSTRAINT_NAME!='PRIMARY' AND CONSTRAINT_SCHEMA='smart_ai_internship' AND REFERENCED_TABLE_NAME IS NOT NULL;
Executing (default): ALTER TABLE `tasks` CHANGE `title` `title` VARCHAR(100) NOT NULL;
Executing (default): ALTER TABLE `tasks` CHANGE `description` `description` TEXT NOT NULL;
Executing (default): ALTER TABLE `tasks` CHANGE `category` `category` ENUM('Web Development', 'Mobile Development', 'UI/UX Design', 'Data Science', 'Machine Learning', 'Digital Marketing', 'Content Writing', 'Graphic Design', 'Video Editing', 'Business Analysis', 'Quality Assurance', 'DevOps', 'Cybersecurity', 'Other') NOT NULL;
Executing (default): ALTER TABLE `tasks` CHANGE `subcategory` `subcategory` VARCHAR(150);
Executing (default): SELECT CONSTRAINT_CATALOG AS constraintCatalog, CONSTRAINT_NAME AS constraintName, CONSTRAINT_SCHEMA AS constraintSchema, CONSTRAINT_TYPE AS constraintType, TABLE_NAME AS tableName, TABLE_SCHEMA AS tableSchema from INFORMATION_SCHEMA.TABLE_CONSTRAINTS WHERE table_name='tasks' AND constraint_name = 'tasks_ibfk_1' AND TABLE_SCHEMA = 'smart_ai_internship';
Executing (default): ALTER TABLE `tasks` DROP FOREIGN KEY `tasks_ibfk_1`;
Executing (default): ALTER TABLE `tasks` ADD FOREIGN KEY (`companyId`) REFERENCES `companies` (`id`) ON DELETE CASCADE ON UPDATE CASCADE;
Executing (default): ALTER TABLE `tasks` CHANGE `type` `type` ENUM('internship', 'project', 'freelance') NOT NULL DEFAULT 'internship';
Executing (default): ALTER TABLE `tasks` CHANGE `durationValue` `durationValue` INTEGER NOT NULL;
Executing (default): ALTER TABLE `tasks` CHANGE `durationUnit` `durationUnit` ENUM('days', 'weeks', 'months') NOT NULL;
Executing (default): ALTER TABLE `tasks` CHANGE `workType` `workType` ENUM('remote', 'onsite', 'hybrid') NOT NULL;
Executing (default): ALTER TABLE `tasks` CHANGE `experienceLevel` `experienceLevel` ENUM('entry', 'intermediate', 'expert') NOT NULL;
Executing (default): ALTER TABLE `tasks` CHANGE `requirements` `requirements` JSON;
Executing (default): ALTER TABLE `tasks` CHANGE `budgetType` `budgetType` ENUM('fixed', 'hourly', 'unpaid') NOT NULL;
Executing (default): ALTER TABLE `tasks` CHANGE `budgetAmountMin` `budgetAmountMin` DECIMAL(12,2);
Executing (default): ALTER TABLE `tasks` CHANGE `budgetAmountMax` `budgetAmountMax` DECIMAL(12,2);
Executing (default): ALTER TABLE `tasks` CHANGE `budgetCurrency` `budgetCurrency` VARCHAR(10) DEFAULT 'USD';
Executing (default): ALTER TABLE `tasks` CHANGE `applicationDeadline` `applicationDeadline` DATETIME NOT NULL;
Executing (default): ALTER TABLE `tasks` CHANGE `startDate` `startDate` DATETIME NOT NULL;
Executing (default): ALTER TABLE `tasks` CHANGE `endDate` `endDate` DATETIME;
Executing (default): ALTER TABLE `tasks` CHANGE `status` `status` ENUM('draft', 'active', 'paused', 'closed', 'completed') DEFAULT 'draft';
Executing (default): ALTER TABLE `tasks` CHANGE `isPublic` `isPublic` TINYINT(1) DEFAULT true;
Executing (default): ALTER TABLE `tasks` CHANGE `isFeatured` `isFeatured` TINYINT(1) DEFAULT false;
Executing (default): ALTER TABLE `tasks` CHANGE `maxApplications` `maxApplications` INTEGER DEFAULT 50;
Executing (default): ALTER TABLE `tasks` CHANGE `applicationCount` `applicationCount` INTEGER DEFAULT 0;
Executing (default): ALTER TABLE `tasks` CHANGE `deliverables` `deliverables` JSON;
Executing (default): ALTER TABLE `tasks` CHANGE `benefits` `benefits` JSON;
Executing (default): ALTER TABLE `tasks` CHANGE `locationCity` `locationCity` VARCHAR(100);
Executing (default): ALTER TABLE `tasks` CHANGE `locationState` `locationState` VARCHAR(100);
Executing (default): ALTER TABLE `tasks` CHANGE `locationCountry` `locationCountry` VARCHAR(100);
Executing (default): ALTER TABLE `tasks` CHANGE `locationTimezone` `locationTimezone` VARCHAR(50);
Executing (default): ALTER TABLE `tasks` CHANGE `tags` `tags` JSON;
Executing (default): ALTER TABLE `tasks` CHANGE `searchKeywords` `searchKeywords` JSON;
Executing (default): ALTER TABLE `tasks` CHANGE `views` `views` INTEGER DEFAULT 0;
Executing (default): ALTER TABLE `tasks` CHANGE `saves` `saves` INTEGER DEFAULT 0;
Executing (default): ALTER TABLE `tasks` CHANGE `publishedAt` `publishedAt` DATETIME;
Executing (default): ALTER TABLE `tasks` CHANGE `closedAt` `closedAt` DATETIME;
Executing (default): ALTER TABLE `tasks` CHANGE `createdAt` `createdAt` DATETIME NOT NULL;
Executing (default): ALTER TABLE `tasks` CHANGE `updatedAt` `updatedAt` DATETIME NOT NULL;
Executing (default): SHOW INDEX FROM `tasks`
Executing (default): SELECT TABLE_NAME FROM INFORMATION_SCHEMA.TABLES WHERE TABLE_TYPE = 'BASE TABLE' AND TABLE_NAME = 'task_skills' AND TABLE_SCHEMA = 'smart_ai_internship'
Executing (default): SHOW FULL COLUMNS FROM `task_skills`;
Executing (default): SELECT CONSTRAINT_NAME as constraint_name,CONSTRAINT_NAME as constraintName,CONSTRAINT_SCHEMA as constraintSchema,CONSTRAINT_SCHEMA as constraintCatalog,TABLE_NAME as tableName,TABLE_SCHEMA as tableSchema,TABLE_SCHEMA as tableCatalog,COLUMN_NAME as columnName,REFERENCED_TABLE_SCHEMA as referencedTableSchema,REFERENCED_TABLE_SCHEMA as referencedTableCatalog,REFERENCED_TABLE_NAME as referencedTableName,REFERENCED_COLUMN_NAME as referencedColumnName FROM INFORMATION_SCHEMA.KEY_COLUMN_USAGE where TABLE_NAME = 'task_skills' AND CONSTRAINT_NAME!='PRIMARY' AND CONSTRAINT_SCHEMA='smart_ai_internship' AND REFERENCED_TABLE_NAME IS NOT NULL;
Executing (default): SELECT CONSTRAINT_CATALOG AS constraintCatalog, CONSTRAINT_NAME AS constraintName, CONSTRAINT_SCHEMA AS constraintSchema, CONSTRAINT_TYPE AS constraintType, TABLE_NAME AS tableName, TABLE_SCHEMA AS tableSchema from INFORMATION_SCHEMA.TABLE_CONSTRAINTS WHERE table_name='task_skills' AND constraint_name = 'task_skills_ibfk_1' AND TABLE_SCHEMA = 'smart_ai_internship';
Executing (default): ALTER TABLE `task_skills` DROP FOREIGN KEY `task_skills_ibfk_1`;
Executing (default): ALTER TABLE `task_skills` ADD FOREIGN KEY (`taskId`) REFERENCES `tasks` (`id`) ON DELETE CASCADE ON UPDATE CASCADE;
Executing (default): ALTER TABLE `task_skills` CHANGE `name` `name` VARCHAR(150) NOT NULL;
Executing (default): ALTER TABLE `task_skills` CHANGE `level` `level` ENUM('beginner', 'intermediate', 'advanced') DEFAULT 'intermediate';
Executing (default): ALTER TABLE `task_skills` CHANGE `required` `required` TINYINT(1) DEFAULT true;
Executing (default): SHOW INDEX FROM `task_skills`
Executing (default): SELECT TABLE_NAME FROM INFORMATION_SCHEMA.TABLES WHERE TABLE_TYPE = 'BASE TABLE' AND TABLE_NAME = 'task_attachments' AND TABLE_SCHEMA = 'smart_ai_internship'
Executing (default): SHOW FULL COLUMNS FROM `task_attachments`;
Executing (default): SELECT CONSTRAINT_NAME as constraint_name,CONSTRAINT_NAME as constraintName,CONSTRAINT_SCHEMA as constraintSchema,CONSTRAINT_SCHEMA as constraintCatalog,TABLE_NAME as tableName,TABLE_SCHEMA as tableSchema,TABLE_SCHEMA as tableCatalog,COLUMN_NAME as columnName,REFERENCED_TABLE_SCHEMA as referencedTableSchema,REFERENCED_TABLE_SCHEMA as referencedTableCatalog,REFERENCED_TABLE_NAME as referencedTableName,REFERENCED_COLUMN_NAME as referencedColumnName FROM INFORMATION_SCHEMA.KEY_COLUMN_USAGE where TABLE_NAME = 'task_attachments' AND CONSTRAINT_NAME!='PRIMARY' AND CONSTRAINT_SCHEMA='smart_ai_internship' AND REFERENCED_TABLE_NAME IS NOT NULL;
Executing (default): SELECT CONSTRAINT_CATALOG AS constraintCatalog, CONSTRAINT_NAME AS constraintName, CONSTRAINT_SCHEMA AS constraintSchema, CONSTRAINT_TYPE AS constraintType, TABLE_NAME AS tableName, TABLE_SCHEMA AS tableSchema from INFORMATION_SCHEMA.TABLE_CONSTRAINTS WHERE table_name='task_attachments' AND constraint_name = 'task_attachments_ibfk_1' AND TABLE_SCHEMA = 'smart_ai_internship';
Executing (default): ALTER TABLE `task_attachments` DROP FOREIGN KEY `task_attachments_ibfk_1`;
Executing (default): ALTER TABLE `task_attachments` ADD FOREIGN KEY (`taskId`) REFERENCES `tasks` (`id`) ON DELETE CASCADE ON UPDATE CASCADE;
Executing (default): ALTER TABLE `task_attachments` CHANGE `name` `name` VARCHAR(255);
Executing (default): ALTER TABLE `task_attachments` CHANGE `url` `url` VARCHAR(500);
Executing (default): ALTER TABLE `task_attachments` CHANGE `type` `type` VARCHAR(50);
Executing (default): ALTER TABLE `task_attachments` CHANGE `createdAt` `createdAt` DATETIME NOT NULL;
Executing (default): ALTER TABLE `task_attachments` CHANGE `updatedAt` `updatedAt` DATETIME NOT NULL;
Executing (default): SHOW INDEX FROM `task_attachments`
Executing (default): SELECT TABLE_NAME FROM INFORMATION_SCHEMA.TABLES WHERE TABLE_TYPE = 'BASE TABLE' AND TABLE_NAME = 'task_unique_viewers' AND TABLE_SCHEMA = 'smart_ai_internship'
Executing (default): SHOW FULL COLUMNS FROM `task_unique_viewers`;
Executing (default): SELECT CONSTRAINT_NAME as constraint_name,CONSTRAINT_NAME as constraintName,CONSTRAINT_SCHEMA as constraintSchema,CONSTRAINT_SCHEMA as constraintCatalog,TABLE_NAME as tableName,TABLE_SCHEMA as tableSchema,TABLE_SCHEMA as tableCatalog,COLUMN_NAME as columnName,REFERENCED_TABLE_SCHEMA as referencedTableSchema,REFERENCED_TABLE_SCHEMA as referencedTableCatalog,REFERENCED_TABLE_NAME as referencedTableName,REFERENCED_COLUMN_NAME as referencedColumnName FROM INFORMATION_SCHEMA.KEY_COLUMN_USAGE where TABLE_NAME = 'task_unique_viewers' AND CONSTRAINT_NAME!='PRIMARY' AND CONSTRAINT_SCHEMA='smart_ai_internship' AND REFERENCED_TABLE_NAME IS NOT NULL;
Executing (default): SELECT CONSTRAINT_CATALOG AS constraintCatalog, CONSTRAINT_NAME AS constraintName, CONSTRAINT_SCHEMA AS constraintSchema, CONSTRAINT_TYPE AS constraintType, TABLE_NAME AS tableName, TABLE_SCHEMA AS tableSchema from INFORMATION_SCHEMA.TABLE_CONSTRAINTS WHERE table_name='task_unique_viewers' AND constraint_name = 'task_unique_viewers_ibfk_17' AND TABLE_SCHEMA = 'smart_ai_internship';
Executing (default): ALTER TABLE `task_unique_viewers` DROP FOREIGN KEY `task_unique_viewers_ibfk_17`;
Executing (default): ALTER TABLE `task_unique_viewers` ADD FOREIGN KEY (`taskId`) REFERENCES `tasks` (`id`) ON DELETE CASCADE ON UPDATE CASCADE;
Executing (default): SELECT CONSTRAINT_CATALOG AS constraintCatalog, CONSTRAINT_NAME AS constraintName, CONSTRAINT_SCHEMA AS constraintSchema, CONSTRAINT_TYPE AS constraintType, TABLE_NAME AS tableName, TABLE_SCHEMA AS tableSchema from INFORMATION_SCHEMA.TABLE_CONSTRAINTS WHERE table_name='task_unique_viewers' AND constraint_name = 'task_unique_viewers_ibfk_18' AND TABLE_SCHEMA = 'smart_ai_internship';
Executing (default): ALTER TABLE `task_unique_viewers` DROP FOREIGN KEY `task_unique_viewers_ibfk_18`;
Executing (default): ALTER TABLE `task_unique_viewers` ADD FOREIGN KEY (`userId`) REFERENCES `users` (`id`) ON DELETE CASCADE ON UPDATE CASCADE;
Executing (default): ALTER TABLE `task_unique_viewers` CHANGE `viewedAt` `viewedAt` DATETIME;
Executing (default): SHOW INDEX FROM `task_unique_viewers`
Executing (default): SELECT TABLE_NAME FROM INFORMATION_SCHEMA.TABLES WHERE TABLE_TYPE = 'BASE TABLE' AND TABLE_NAME = 'applications' AND TABLE_SCHEMA = 'smart_ai_internship'
Executing (default): SHOW FULL COLUMNS FROM `applications`;
Executing (default): SELECT CONSTRAINT_NAME as constraint_name,CONSTRAINT_NAME as constraintName,CONSTRAINT_SCHEMA as constraintSchema,CONSTRAINT_SCHEMA as constraintCatalog,TABLE_NAME as tableName,TABLE_SCHEMA as tableSchema,TABLE_SCHEMA as tableCatalog,COLUMN_NAME as columnName,REFERENCED_TABLE_SCHEMA as referencedTableSchema,REFERENCED_TABLE_SCHEMA as referencedTableCatalog,REFERENCED_TABLE_NAME as referencedTableName,REFERENCED_COLUMN_NAME as referencedColumnName FROM INFORMATION_SCHEMA.KEY_COLUMN_USAGE where TABLE_NAME = 'applications' AND CONSTRAINT_NAME!='PRIMARY' AND CONSTRAINT_SCHEMA='smart_ai_internship' AND REFERENCED_TABLE_NAME IS NOT NULL;
Executing (default): SELECT CONSTRAINT_CATALOG AS constraintCatalog, CONSTRAINT_NAME AS constraintName, CONSTRAINT_SCHEMA AS constraintSchema, CONSTRAINT_TYPE AS constraintType, TABLE_NAME AS tableName, TABLE_SCHEMA AS tableSchema from INFORMATION_SCHEMA.TABLE_CONSTRAINTS WHERE table_name='applications' AND constraint_name = 'applications_ibfk_17' AND TABLE_SCHEMA = 'smart_ai_internship';
Executing (default): ALTER TABLE `applications` DROP FOREIGN KEY `applications_ibfk_17`;
Executing (default): ALTER TABLE `applications` ADD FOREIGN KEY (`taskId`) REFERENCES `tasks` (`id`) ON DELETE CASCADE ON UPDATE CASCADE;
Executing (default): SELECT CONSTRAINT_CATALOG AS constraintCatalog, CONSTRAINT_NAME AS constraintName, CONSTRAINT_SCHEMA AS constraintSchema, CONSTRAINT_TYPE AS constraintType, TABLE_NAME AS tableName, TABLE_SCHEMA AS tableSchema from INFORMATION_SCHEMA.TABLE_CONSTRAINTS WHERE table_name='applications' AND constraint_name = 'applications_ibfk_18' AND TABLE_SCHEMA = 'smart_ai_internship';
Executing (default): ALTER TABLE `applications` DROP FOREIGN KEY `applications_ibfk_18`;
Executing (default): ALTER TABLE `applications` ADD FOREIGN KEY (`studentId`) REFERENCES `students` (`id`) ON DELETE CASCADE ON UPDATE CASCADE;
Executing (default): ALTER TABLE `applications` CHANGE `coverLetter` `coverLetter` TEXT NOT NULL;
Executing (default): ALTER TABLE `applications` CHANGE `proposedRate` `proposedRate` DECIMAL(12,2);
Executing (default): ALTER TABLE `applications` CHANGE `proposedCurrency` `proposedCurrency` VARCHAR(10) DEFAULT 'USD';
Executing (default): ALTER TABLE `applications` CHANGE `expectedStartDate` `expectedStartDate` DATETIME;
Executing (default): ALTER TABLE `applications` CHANGE `availabilityHoursPerWeek` `availabilityHoursPerWeek` INTEGER;
Executing (default): ALTER TABLE `applications` CHANGE `resumeUrl` `resumeUrl` VARCHAR(500);
Executing (default): ALTER TABLE `applications` CHANGE `portfolioUrl` `portfolioUrl` VARCHAR(500);
Executing (default): ALTER TABLE `applications` CHANGE `status` `status` ENUM('submitted', 'under_review', 'shortlisted', 'interview_scheduled', 'accepted', 'rejected', 'withdrawn') NOT NULL DEFAULT 'submitted';
Executing (default): ALTER TABLE `applications` CHANGE `matchScore` `matchScore` INTEGER;
Executing (default): ALTER TABLE `applications` CHANGE `rejectionReason` `rejectionReason` VARCHAR(500);
Executing (default): ALTER TABLE `applications` CHANGE `companyNotes` `companyNotes` TEXT;
Executing (default): ALTER TABLE `applications` CHANGE `viewedByCompanyAt` `viewedByCompanyAt` DATETIME;
Executing (default): ALTER TABLE `applications` CHANGE `submittedAt` `submittedAt` DATETIME NOT NULL;
Executing (default): ALTER TABLE `applications` CHANGE `decidedAt` `decidedAt` DATETIME;
Executing (default): ALTER TABLE `applications` CHANGE `createdAt` `createdAt` DATETIME NOT NULL;
Executing (default): ALTER TABLE `applications` CHANGE `updatedAt` `updatedAt` DATETIME NOT NULL;
Executing (default): SHOW INDEX FROM `applications`
Executing (default): SELECT TABLE_NAME FROM INFORMATION_SCHEMA.TABLES WHERE TABLE_TYPE = 'BASE TABLE' AND TABLE_NAME = 'application_attachments' AND TABLE_SCHEMA = 'smart_ai_internship'
Executing (default): SHOW FULL COLUMNS FROM `application_attachments`;
Executing (default): SELECT CONSTRAINT_NAME as constraint_name,CONSTRAINT_NAME as constraintName,CONSTRAINT_SCHEMA as constraintSchema,CONSTRAINT_SCHEMA as constraintCatalog,TABLE_NAME as tableName,TABLE_SCHEMA as tableSchema,TABLE_SCHEMA as tableCatalog,COLUMN_NAME as columnName,REFERENCED_TABLE_SCHEMA as referencedTableSchema,REFERENCED_TABLE_SCHEMA as referencedTableCatalog,REFERENCED_TABLE_NAME as referencedTableName,REFERENCED_COLUMN_NAME as referencedColumnName FROM INFORMATION_SCHEMA.KEY_COLUMN_USAGE where TABLE_NAME = 'application_attachments' AND CONSTRAINT_NAME!='PRIMARY' AND CONSTRAINT_SCHEMA='smart_ai_internship' AND REFERENCED_TABLE_NAME IS NOT NULL;
Executing (default): SELECT CONSTRAINT_CATALOG AS constraintCatalog, CONSTRAINT_NAME AS constraintName, CONSTRAINT_SCHEMA AS constraintSchema, CONSTRAINT_TYPE AS constraintType, TABLE_NAME AS tableName, TABLE_SCHEMA AS tableSchema from INFORMATION_SCHEMA.TABLE_CONSTRAINTS WHERE table_name='application_attachments' AND constraint_name = 'application_attachments_ibfk_1' AND TABLE_SCHEMA = 'smart_ai_internship';
Executing (default): ALTER TABLE `application_attachments` DROP FOREIGN KEY `application_attachments_ibfk_1`;
Executing (default): ALTER TABLE `application_attachments` ADD FOREIGN KEY (`applicationId`) REFERENCES `applications` (`id`) ON DELETE CASCADE ON UPDATE CASCADE;
Executing (default): ALTER TABLE `application_attachments` CHANGE `name` `name` VARCHAR(255);
Executing (default): ALTER TABLE `application_attachments` CHANGE `url` `url` VARCHAR(500);
Executing (default): ALTER TABLE `application_attachments` CHANGE `type` `type` VARCHAR(100);
Executing (default): SHOW INDEX FROM `application_attachments`
Executing (default): SELECT TABLE_NAME FROM INFORMATION_SCHEMA.TABLES WHERE TABLE_TYPE = 'BASE TABLE' AND TABLE_NAME = 'application_status_history' AND TABLE_SCHEMA = 'smart_ai_internship'
Executing (default): SHOW FULL COLUMNS FROM `application_status_history`;
Executing (default): SELECT CONSTRAINT_NAME as constraint_name,CONSTRAINT_NAME as constraintName,CONSTRAINT_SCHEMA as constraintSchema,CONSTRAINT_SCHEMA as constraintCatalog,TABLE_NAME as tableName,TABLE_SCHEMA as tableSchema,TABLE_SCHEMA as tableCatalog,COLUMN_NAME as columnName,REFERENCED_TABLE_SCHEMA as referencedTableSchema,REFERENCED_TABLE_SCHEMA as referencedTableCatalog,REFERENCED_TABLE_NAME as referencedTableName,REFERENCED_COLUMN_NAME as referencedColumnName FROM INFORMATION_SCHEMA.KEY_COLUMN_USAGE where TABLE_NAME = 'application_status_history' AND CONSTRAINT_NAME!='PRIMARY' AND CONSTRAINT_SCHEMA='smart_ai_internship' AND REFERENCED_TABLE_NAME IS NOT NULL;
Executing (default): SELECT CONSTRAINT_CATALOG AS constraintCatalog, CONSTRAINT_NAME AS constraintName, CONSTRAINT_SCHEMA AS constraintSchema, CONSTRAINT_TYPE AS constraintType, TABLE_NAME AS tableName, TABLE_SCHEMA AS tableSchema from INFORMATION_SCHEMA.TABLE_CONSTRAINTS WHERE table_name='application_status_history' AND constraint_name = 'application_status_history_ibfk_17' AND TABLE_SCHEMA = 'smart_ai_internship';
Executing (default): ALTER TABLE `application_status_history` DROP FOREIGN KEY `application_status_history_ibfk_17`;
Executing (default): ALTER TABLE `application_status_history` ADD FOREIGN KEY (`applicationId`) REFERENCES `applications` (`id`) ON DELETE CASCADE ON UPDATE CASCADE;
Executing (default): ALTER TABLE `application_status_history` CHANGE `fromStatus` `fromStatus` VARCHAR(30);
Executing (default): ALTER TABLE `application_status_history` CHANGE `toStatus` `toStatus` VARCHAR(30) NOT NULL;
Executing (default): SELECT CONSTRAINT_CATALOG AS constraintCatalog, CONSTRAINT_NAME AS constraintName, CONSTRAINT_SCHEMA AS constraintSchema, CONSTRAINT_TYPE AS constraintType, TABLE_NAME AS tableName, TABLE_SCHEMA AS tableSchema from INFORMATION_SCHEMA.TABLE_CONSTRAINTS WHERE table_name='application_status_history' AND constraint_name = 'application_status_history_ibfk_18' AND TABLE_SCHEMA = 'smart_ai_internship';
Executing (default): ALTER TABLE `application_status_history` DROP FOREIGN KEY `application_status_history_ibfk_18`;
Executing (default): ALTER TABLE `application_status_history` ADD FOREIGN KEY (`changedByUserId`) REFERENCES `users` (`id`) ON DELETE SET NULL ON UPDATE CASCADE;
Executing (default): ALTER TABLE `application_status_history` CHANGE `reason` `reason` VARCHAR(500);
Executing (default): ALTER TABLE `application_status_history` CHANGE `createdAt` `createdAt` DATETIME NOT NULL;
Executing (default): SHOW INDEX FROM `application_status_history`
Executing (default): SELECT TABLE_NAME FROM INFORMATION_SCHEMA.TABLES WHERE TABLE_TYPE = 'BASE TABLE' AND TABLE_NAME = 'interviews' AND TABLE_SCHEMA = 'smart_ai_internship'
Executing (default): SHOW FULL COLUMNS FROM `interviews`;
Executing (default): SELECT CONSTRAINT_NAME as constraint_name,CONSTRAINT_NAME as constraintName,CONSTRAINT_SCHEMA as constraintSchema,CONSTRAINT_SCHEMA as constraintCatalog,TABLE_NAME as tableName,TABLE_SCHEMA as tableSchema,TABLE_SCHEMA as tableCatalog,COLUMN_NAME as columnName,REFERENCED_TABLE_SCHEMA as referencedTableSchema,REFERENCED_TABLE_SCHEMA as referencedTableCatalog,REFERENCED_TABLE_NAME as referencedTableName,REFERENCED_COLUMN_NAME as referencedColumnName FROM INFORMATION_SCHEMA.KEY_COLUMN_USAGE where TABLE_NAME = 'interviews' AND CONSTRAINT_NAME!='PRIMARY' AND CONSTRAINT_SCHEMA='smart_ai_internship' AND REFERENCED_TABLE_NAME IS NOT NULL;
Executing (default): SELECT CONSTRAINT_CATALOG AS constraintCatalog, CONSTRAINT_NAME AS constraintName, CONSTRAINT_SCHEMA AS constraintSchema, CONSTRAINT_TYPE AS constraintType, TABLE_NAME AS tableName, TABLE_SCHEMA AS tableSchema from INFORMATION_SCHEMA.TABLE_CONSTRAINTS WHERE table_name='interviews' AND constraint_name = 'interviews_ibfk_41' AND TABLE_SCHEMA = 'smart_ai_internship';
Executing (default): ALTER TABLE `interviews` DROP FOREIGN KEY `interviews_ibfk_41`;
Executing (default): ALTER TABLE `interviews` ADD FOREIGN KEY (`applicationId`) REFERENCES `applications` (`id`) ON DELETE CASCADE ON UPDATE CASCADE;
Executing (default): SELECT CONSTRAINT_CATALOG AS constraintCatalog, CONSTRAINT_NAME AS constraintName, CONSTRAINT_SCHEMA AS constraintSchema, CONSTRAINT_TYPE AS constraintType, TABLE_NAME AS tableName, TABLE_SCHEMA AS tableSchema from INFORMATION_SCHEMA.TABLE_CONSTRAINTS WHERE table_name='interviews' AND constraint_name = 'interviews_ibfk_42' AND TABLE_SCHEMA = 'smart_ai_internship';
Executing (default): ALTER TABLE `interviews` DROP FOREIGN KEY `interviews_ibfk_42`;
Executing (default): ALTER TABLE `interviews` ADD FOREIGN KEY (`taskId`) REFERENCES `tasks` (`id`) ON DELETE CASCADE ON UPDATE CASCADE;
Executing (default): SELECT CONSTRAINT_CATALOG AS constraintCatalog, CONSTRAINT_NAME AS constraintName, CONSTRAINT_SCHEMA AS constraintSchema, CONSTRAINT_TYPE AS constraintType, TABLE_NAME AS tableName, TABLE_SCHEMA AS tableSchema from INFORMATION_SCHEMA.TABLE_CONSTRAINTS WHERE table_name='interviews' AND constraint_name = 'interviews_ibfk_43' AND TABLE_SCHEMA = 'smart_ai_internship';
Executing (default): ALTER TABLE `interviews` DROP FOREIGN KEY `interviews_ibfk_43`;
Executing (default): ALTER TABLE `interviews` ADD FOREIGN KEY (`studentId`) REFERENCES `students` (`id`) ON DELETE CASCADE ON UPDATE CASCADE;
Executing (default): SELECT CONSTRAINT_CATALOG AS constraintCatalog, CONSTRAINT_NAME AS constraintName, CONSTRAINT_SCHEMA AS constraintSchema, CONSTRAINT_TYPE AS constraintType, TABLE_NAME AS tableName, TABLE_SCHEMA AS tableSchema from INFORMATION_SCHEMA.TABLE_CONSTRAINTS WHERE table_name='interviews' AND constraint_name = 'interviews_ibfk_44' AND TABLE_SCHEMA = 'smart_ai_internship';
Executing (default): ALTER TABLE `interviews` DROP FOREIGN KEY `interviews_ibfk_44`;
Executing (default): ALTER TABLE `interviews` ADD FOREIGN KEY (`companyId`) REFERENCES `companies` (`id`) ON DELETE CASCADE ON UPDATE CASCADE;
Executing (default): ALTER TABLE `interviews` CHANGE `scheduledAt` `scheduledAt` DATETIME NOT NULL;
Executing (default): ALTER TABLE `interviews` CHANGE `durationMinutes` `durationMinutes` INTEGER NOT NULL DEFAULT 30;
Executing (default): ALTER TABLE `interviews` CHANGE `mode` `mode` ENUM('video', 'phone', 'onsite') NOT NULL;
Executing (default): ALTER TABLE `interviews` CHANGE `meetingLink` `meetingLink` VARCHAR(500);
Executing (default): ALTER TABLE `interviews` CHANGE `meetingLocation` `meetingLocation` VARCHAR(255);
Executing (default): ALTER TABLE `interviews` CHANGE `meetingPhoneNumber` `meetingPhoneNumber` VARCHAR(50);
Executing (default): ALTER TABLE `interviews` CHANGE `agenda` `agenda` TEXT;
Executing (default): ALTER TABLE `interviews` CHANGE `status` `status` ENUM('scheduled', 'rescheduled', 'completed', 'cancelled', 'no_show') NOT NULL DEFAULT 'scheduled';
Executing (default): ALTER TABLE `interviews` CHANGE `rescheduleCount` `rescheduleCount` INTEGER NOT NULL DEFAULT 0;
Executing (default): ALTER TABLE `interviews` CHANGE `cancellationReason` `cancellationReason` VARCHAR(500);
Executing (default): ALTER TABLE `interviews` CHANGE `companyFeedback` `companyFeedback` TEXT;
Executing (default): ALTER TABLE `interviews` CHANGE `studentFeedback` `studentFeedback` TEXT;
Executing (default): ALTER TABLE `interviews` CHANGE `companyRating` `companyRating` INTEGER;
Executing (default): ALTER TABLE `interviews` CHANGE `studentRating` `studentRating` INTEGER;
Executing (default): ALTER TABLE `interviews` CHANGE `timezone` `timezone` VARCHAR(50) NOT NULL DEFAULT 'UTC';
Executing (default): SELECT CONSTRAINT_CATALOG AS constraintCatalog, CONSTRAINT_NAME AS constraintName, CONSTRAINT_SCHEMA AS constraintSchema, CONSTRAINT_TYPE AS constraintType, TABLE_NAME AS tableName, TABLE_SCHEMA AS tableSchema from INFORMATION_SCHEMA.TABLE_CONSTRAINTS WHERE table_name='interviews' AND constraint_name = 'interviews_ibfk_45' AND TABLE_SCHEMA = 'smart_ai_internship';
Executing (default): ALTER TABLE `interviews` DROP FOREIGN KEY `interviews_ibfk_45`;
Executing (default): ALTER TABLE `interviews` ADD FOREIGN KEY (`createdByUserId`) REFERENCES `users` (`id`) ON DELETE SET NULL ON UPDATE CASCADE;
Executing (default): ALTER TABLE `interviews` CHANGE `createdAt` `createdAt` DATETIME NOT NULL;
Executing (default): ALTER TABLE `interviews` CHANGE `updatedAt` `updatedAt` DATETIME NOT NULL;
Executing (default): SHOW INDEX FROM `interviews`
Executing (default): SELECT TABLE_NAME FROM INFORMATION_SCHEMA.TABLES WHERE TABLE_TYPE = 'BASE TABLE' AND TABLE_NAME = 'mentors' AND TABLE_SCHEMA = 'smart_ai_internship'
Executing (default): SHOW FULL COLUMNS FROM `mentors`;
Executing (default): SELECT CONSTRAINT_NAME as constraint_name,CONSTRAINT_NAME as constraintName,CONSTRAINT_SCHEMA as constraintSchema,CONSTRAINT_SCHEMA as constraintCatalog,TABLE_NAME as tableName,TABLE_SCHEMA as tableSchema,TABLE_SCHEMA as tableCatalog,COLUMN_NAME as columnName,REFERENCED_TABLE_SCHEMA as referencedTableSchema,REFERENCED_TABLE_SCHEMA as referencedTableCatalog,REFERENCED_TABLE_NAME as referencedTableName,REFERENCED_COLUMN_NAME as referencedColumnName FROM INFORMATION_SCHEMA.KEY_COLUMN_USAGE where TABLE_NAME = 'mentors' AND CONSTRAINT_NAME!='PRIMARY' AND CONSTRAINT_SCHEMA='smart_ai_internship' AND REFERENCED_TABLE_NAME IS NOT NULL;
Executing (default): SELECT CONSTRAINT_CATALOG AS constraintCatalog, CONSTRAINT_NAME AS constraintName, CONSTRAINT_SCHEMA AS constraintSchema, CONSTRAINT_TYPE AS constraintType, TABLE_NAME AS tableName, TABLE_SCHEMA AS tableSchema from INFORMATION_SCHEMA.TABLE_CONSTRAINTS WHERE table_name='mentors' AND constraint_name = 'mentors_ibfk_1' AND TABLE_SCHEMA = 'smart_ai_internship';
Executing (default): ALTER TABLE `mentors` DROP FOREIGN KEY `mentors_ibfk_1`;
Executing (default): SELECT CONSTRAINT_CATALOG AS constraintCatalog, CONSTRAINT_NAME AS constraintName, CONSTRAINT_SCHEMA AS constraintSchema, CONSTRAINT_TYPE AS constraintType, TABLE_NAME AS tableName, TABLE_SCHEMA AS tableSchema from INFORMATION_SCHEMA.TABLE_CONSTRAINTS WHERE table_name='mentors' AND constraint_name = 'mentors_ibfk_2' AND TABLE_SCHEMA = 'smart_ai_internship';
Executing (default): ALTER TABLE `mentors` DROP FOREIGN KEY `mentors_ibfk_2`;
Executing (default): ALTER TABLE `mentors` ADD FOREIGN KEY (`userId`) REFERENCES `users` (`id`) ON DELETE CASCADE ON UPDATE CASCADE;
Executing (default): ALTER TABLE `mentors` CHANGE `firstName` `firstName` VARCHAR(100) NOT NULL;
Executing (default): ALTER TABLE `mentors` CHANGE `lastName` `lastName` VARCHAR(100) NOT NULL;
Executing (default): ALTER TABLE `mentors` CHANGE `profilePicture` `profilePicture` VARCHAR(500);
Executing (default): ALTER TABLE `mentors` CHANGE `headline` `headline` VARCHAR(255);
Executing (default): ALTER TABLE `mentors` CHANGE `bio` `bio` TEXT;
Executing (default): ALTER TABLE `mentors` CHANGE `phone` `phone` VARCHAR(50);
Executing (default): ALTER TABLE `mentors` CHANGE `currentPosition` `currentPosition` VARCHAR(150);
Executing (default): ALTER TABLE `mentors` CHANGE `currentCompany` `currentCompany` VARCHAR(150);
Executing (default): ALTER TABLE `mentors` CHANGE `yearsOfExperience` `yearsOfExperience` INTEGER NOT NULL DEFAULT 0;
Executing (default): ALTER TABLE `mentors` CHANGE `locationCity` `locationCity` VARCHAR(100);
Executing (default): ALTER TABLE `mentors` CHANGE `locationCountry` `locationCountry` VARCHAR(100);
Executing (default): ALTER TABLE `mentors` CHANGE `socialLinkedin` `socialLinkedin` VARCHAR(500);
Executing (default): ALTER TABLE `mentors` CHANGE `socialGithub` `socialGithub` VARCHAR(500);
Executing (default): ALTER TABLE `mentors` CHANGE `socialPortfolio` `socialPortfolio` VARCHAR(500);
Executing (default): ALTER TABLE `mentors` CHANGE `availabilityStatus` `availabilityStatus` ENUM('available', 'limited', 'unavailable') NOT NULL DEFAULT 'available';
Executing (default): ALTER TABLE `mentors` CHANGE `maxActiveMentees` `maxActiveMentees` INTEGER NOT NULL DEFAULT 5;
Executing (default): ALTER TABLE `mentors` CHANGE `activeMenteeCount` `activeMenteeCount` INTEGER NOT NULL DEFAULT 0;
Executing (default): ALTER TABLE `mentors` CHANGE `verificationStatus` `verificationStatus` ENUM('pending', 'approved', 'rejected') NOT NULL DEFAULT 'pending';
Executing (default): ALTER TABLE `mentors` CHANGE `verificationNote` `verificationNote` VARCHAR(500);
Executing (default): ALTER TABLE `mentors` CHANGE `verifiedAt` `verifiedAt` DATETIME;
Executing (default): ALTER TABLE `mentors` ADD FOREIGN KEY (`verifiedByUserId`) REFERENCES `users` (`id`) ON DELETE SET NULL ON UPDATE CASCADE;
Executing (default): ALTER TABLE `mentors` CHANGE `statTotalMentees` `statTotalMentees` INTEGER NOT NULL DEFAULT 0;
Executing (default): ALTER TABLE `mentors` CHANGE `statCompletedMentorships` `statCompletedMentorships` INTEGER NOT NULL DEFAULT 0;
Executing (default): ALTER TABLE `mentors` CHANGE `statAverageRating` `statAverageRating` DECIMAL(3,2) NOT NULL DEFAULT 0;
Executing (default): ALTER TABLE `mentors` CHANGE `statTotalRatings` `statTotalRatings` INTEGER NOT NULL DEFAULT 0;
Executing (default): ALTER TABLE `mentors` CHANGE `profileCompletion` `profileCompletion` INTEGER NOT NULL DEFAULT 0;
Executing (default): ALTER TABLE `mentors` CHANGE `isProfilePublic` `isProfilePublic` TINYINT(1) NOT NULL DEFAULT true;
Executing (default): ALTER TABLE `mentors` CHANGE `createdAt` `createdAt` DATETIME NOT NULL;
Executing (default): ALTER TABLE `mentors` CHANGE `updatedAt` `updatedAt` DATETIME NOT NULL;
Executing (default): SHOW INDEX FROM `mentors`
Executing (default): SELECT TABLE_NAME FROM INFORMATION_SCHEMA.TABLES WHERE TABLE_TYPE = 'BASE TABLE' AND TABLE_NAME = 'mentor_expertise' AND TABLE_SCHEMA = 'smart_ai_internship'
Executing (default): SHOW FULL COLUMNS FROM `mentor_expertise`;
Executing (default): SELECT CONSTRAINT_NAME as constraint_name,CONSTRAINT_NAME as constraintName,CONSTRAINT_SCHEMA as constraintSchema,CONSTRAINT_SCHEMA as constraintCatalog,TABLE_NAME as tableName,TABLE_SCHEMA as tableSchema,TABLE_SCHEMA as tableCatalog,COLUMN_NAME as columnName,REFERENCED_TABLE_SCHEMA as referencedTableSchema,REFERENCED_TABLE_SCHEMA as referencedTableCatalog,REFERENCED_TABLE_NAME as referencedTableName,REFERENCED_COLUMN_NAME as referencedColumnName FROM INFORMATION_SCHEMA.KEY_COLUMN_USAGE where TABLE_NAME = 'mentor_expertise' AND CONSTRAINT_NAME!='PRIMARY' AND CONSTRAINT_SCHEMA='smart_ai_internship' AND REFERENCED_TABLE_NAME IS NOT NULL;
Executing (default): SELECT CONSTRAINT_CATALOG AS constraintCatalog, CONSTRAINT_NAME AS constraintName, CONSTRAINT_SCHEMA AS constraintSchema, CONSTRAINT_TYPE AS constraintType, TABLE_NAME AS tableName, TABLE_SCHEMA AS tableSchema from INFORMATION_SCHEMA.TABLE_CONSTRAINTS WHERE table_name='mentor_expertise' AND constraint_name = 'mentor_expertise_ibfk_1' AND TABLE_SCHEMA = 'smart_ai_internship';
Executing (default): ALTER TABLE `mentor_expertise` DROP FOREIGN KEY `mentor_expertise_ibfk_1`;
Executing (default): ALTER TABLE `mentor_expertise` ADD FOREIGN KEY (`mentorId`) REFERENCES `mentors` (`id`) ON DELETE CASCADE ON UPDATE CASCADE;
Executing (default): ALTER TABLE `mentor_expertise` CHANGE `name` `name` VARCHAR(150) NOT NULL;
Executing (default): ALTER TABLE `mentor_expertise` CHANGE `level` `level` ENUM('Beginner', 'Intermediate', 'Advanced', 'Expert') NOT NULL DEFAULT 'Advanced';
Executing (default): ALTER TABLE `mentor_expertise` CHANGE `yearsOfExperience` `yearsOfExperience` INTEGER;
Executing (default): ALTER TABLE `mentor_expertise` CHANGE `createdAt` `createdAt` DATETIME NOT NULL;
Executing (default): ALTER TABLE `mentor_expertise` CHANGE `updatedAt` `updatedAt` DATETIME NOT NULL;
Executing (default): SHOW INDEX FROM `mentor_expertise`
Executing (default): SELECT TABLE_NAME FROM INFORMATION_SCHEMA.TABLES WHERE TABLE_TYPE = 'BASE TABLE' AND TABLE_NAME = 'mentor_assignments' AND TABLE_SCHEMA = 'smart_ai_internship'
Executing (default): SHOW FULL COLUMNS FROM `mentor_assignments`;
Executing (default): SELECT CONSTRAINT_NAME as constraint_name,CONSTRAINT_NAME as constraintName,CONSTRAINT_SCHEMA as constraintSchema,CONSTRAINT_SCHEMA as constraintCatalog,TABLE_NAME as tableName,TABLE_SCHEMA as tableSchema,TABLE_SCHEMA as tableCatalog,COLUMN_NAME as columnName,REFERENCED_TABLE_SCHEMA as referencedTableSchema,REFERENCED_TABLE_SCHEMA as referencedTableCatalog,REFERENCED_TABLE_NAME as referencedTableName,REFERENCED_COLUMN_NAME as referencedColumnName FROM INFORMATION_SCHEMA.KEY_COLUMN_USAGE where TABLE_NAME = 'mentor_assignments' AND CONSTRAINT_NAME!='PRIMARY' AND CONSTRAINT_SCHEMA='smart_ai_internship' AND REFERENCED_TABLE_NAME IS NOT NULL;
Executing (default): SELECT CONSTRAINT_CATALOG AS constraintCatalog, CONSTRAINT_NAME AS constraintName, CONSTRAINT_SCHEMA AS constraintSchema, CONSTRAINT_TYPE AS constraintType, TABLE_NAME AS tableName, TABLE_SCHEMA AS tableSchema from INFORMATION_SCHEMA.TABLE_CONSTRAINTS WHERE table_name='mentor_assignments' AND constraint_name = 'mentor_assignments_ibfk_49' AND TABLE_SCHEMA = 'smart_ai_internship';
Executing (default): ALTER TABLE `mentor_assignments` DROP FOREIGN KEY `mentor_assignments_ibfk_49`;
Executing (default): ALTER TABLE `mentor_assignments` ADD FOREIGN KEY (`applicationId`) REFERENCES `applications` (`id`) ON DELETE CASCADE ON UPDATE CASCADE;
Executing (default): SELECT CONSTRAINT_CATALOG AS constraintCatalog, CONSTRAINT_NAME AS constraintName, CONSTRAINT_SCHEMA AS constraintSchema, CONSTRAINT_TYPE AS constraintType, TABLE_NAME AS tableName, TABLE_SCHEMA AS tableSchema from INFORMATION_SCHEMA.TABLE_CONSTRAINTS WHERE table_name='mentor_assignments' AND constraint_name = 'mentor_assignments_ibfk_50' AND TABLE_SCHEMA = 'smart_ai_internship';
Executing (default): ALTER TABLE `mentor_assignments` DROP FOREIGN KEY `mentor_assignments_ibfk_50`;
Executing (default): ALTER TABLE `mentor_assignments` ADD FOREIGN KEY (`mentorId`) REFERENCES `mentors` (`id`) ON DELETE CASCADE ON UPDATE CASCADE;
Executing (default): SELECT CONSTRAINT_CATALOG AS constraintCatalog, CONSTRAINT_NAME AS constraintName, CONSTRAINT_SCHEMA AS constraintSchema, CONSTRAINT_TYPE AS constraintType, TABLE_NAME AS tableName, TABLE_SCHEMA AS tableSchema from INFORMATION_SCHEMA.TABLE_CONSTRAINTS WHERE table_name='mentor_assignments' AND constraint_name = 'mentor_assignments_ibfk_51' AND TABLE_SCHEMA = 'smart_ai_internship';
Executing (default): ALTER TABLE `mentor_assignments` DROP FOREIGN KEY `mentor_assignments_ibfk_51`;
Executing (default): ALTER TABLE `mentor_assignments` ADD FOREIGN KEY (`studentId`) REFERENCES `students` (`id`) ON DELETE CASCADE ON UPDATE CASCADE;
Executing (default): SELECT CONSTRAINT_CATALOG AS constraintCatalog, CONSTRAINT_NAME AS constraintName, CONSTRAINT_SCHEMA AS constraintSchema, CONSTRAINT_TYPE AS constraintType, TABLE_NAME AS tableName, TABLE_SCHEMA AS tableSchema from INFORMATION_SCHEMA.TABLE_CONSTRAINTS WHERE table_name='mentor_assignments' AND constraint_name = 'mentor_assignments_ibfk_52' AND TABLE_SCHEMA = 'smart_ai_internship';
Executing (default): ALTER TABLE `mentor_assignments` DROP FOREIGN KEY `mentor_assignments_ibfk_52`;
Executing (default): ALTER TABLE `mentor_assignments` ADD FOREIGN KEY (`taskId`) REFERENCES `tasks` (`id`) ON DELETE CASCADE ON UPDATE CASCADE;
Executing (default): SELECT CONSTRAINT_CATALOG AS constraintCatalog, CONSTRAINT_NAME AS constraintName, CONSTRAINT_SCHEMA AS constraintSchema, CONSTRAINT_TYPE AS constraintType, TABLE_NAME AS tableName, TABLE_SCHEMA AS tableSchema from INFORMATION_SCHEMA.TABLE_CONSTRAINTS WHERE table_name='mentor_assignments' AND constraint_name = 'mentor_assignments_ibfk_53' AND TABLE_SCHEMA = 'smart_ai_internship';
Executing (default): ALTER TABLE `mentor_assignments` DROP FOREIGN KEY `mentor_assignments_ibfk_53`;
Executing (default): ALTER TABLE `mentor_assignments` ADD FOREIGN KEY (`companyId`) REFERENCES `companies` (`id`) ON DELETE CASCADE ON UPDATE CASCADE;
Executing (default): ALTER TABLE `mentor_assignments` CHANGE `status` `status` ENUM('pending', 'active', 'declined', 'completed', 'cancelled') NOT NULL DEFAULT 'pending';
Executing (default): ALTER TABLE `mentor_assignments` CHANGE `matchScore` `matchScore` INTEGER;
Executing (default): SELECT CONSTRAINT_CATALOG AS constraintCatalog, CONSTRAINT_NAME AS constraintName, CONSTRAINT_SCHEMA AS constraintSchema, CONSTRAINT_TYPE AS constraintType, TABLE_NAME AS tableName, TABLE_SCHEMA AS tableSchema from INFORMATION_SCHEMA.TABLE_CONSTRAINTS WHERE table_name='mentor_assignments' AND constraint_name = 'mentor_assignments_ibfk_54' AND TABLE_SCHEMA = 'smart_ai_internship';
Executing (default): ALTER TABLE `mentor_assignments` DROP FOREIGN KEY `mentor_assignments_ibfk_54`;
Executing (default): ALTER TABLE `mentor_assignments` ADD FOREIGN KEY (`assignedByUserId`) REFERENCES `users` (`id`) ON DELETE SET NULL ON UPDATE CASCADE;
Executing (default): ALTER TABLE `mentor_assignments` CHANGE `assignmentNote` `assignmentNote` TEXT;
Executing (default): ALTER TABLE `mentor_assignments` CHANGE `declineReason` `declineReason` VARCHAR(500);
Executing (default): ALTER TABLE `mentor_assignments` CHANGE `cancellationReason` `cancellationReason` VARCHAR(500);
Executing (default): ALTER TABLE `mentor_assignments` CHANGE `respondedAt` `respondedAt` DATETIME;
Executing (default): ALTER TABLE `mentor_assignments` CHANGE `startedAt` `startedAt` DATETIME;
Executing (default): ALTER TABLE `mentor_assignments` CHANGE `completedAt` `completedAt` DATETIME;
Executing (default): ALTER TABLE `mentor_assignments` CHANGE `cancelledAt` `cancelledAt` DATETIME;
Executing (default): ALTER TABLE `mentor_assignments` CHANGE `lastNoteAt` `lastNoteAt` DATETIME;
Executing (default): ALTER TABLE `mentor_assignments` CHANGE `studentRating` `studentRating` INTEGER;
Executing (default): ALTER TABLE `mentor_assignments` CHANGE `studentFeedback` `studentFeedback` TEXT;
Executing (default): ALTER TABLE `mentor_assignments` CHANGE `mentorRating` `mentorRating` INTEGER;
Executing (default): ALTER TABLE `mentor_assignments` CHANGE `mentorFeedback` `mentorFeedback` TEXT;
Executing (default): ALTER TABLE `mentor_assignments` CHANGE `createdAt` `createdAt` DATETIME NOT NULL;
Executing (default): ALTER TABLE `mentor_assignments` CHANGE `updatedAt` `updatedAt` DATETIME NOT NULL;
Executing (default): SHOW INDEX FROM `mentor_assignments`
Executing (default): SELECT TABLE_NAME FROM INFORMATION_SCHEMA.TABLES WHERE TABLE_TYPE = 'BASE TABLE' AND TABLE_NAME = 'mentor_assignment_history' AND TABLE_SCHEMA = 'smart_ai_internship'
Executing (default): SHOW FULL COLUMNS FROM `mentor_assignment_history`;
Executing (default): SELECT CONSTRAINT_NAME as constraint_name,CONSTRAINT_NAME as constraintName,CONSTRAINT_SCHEMA as constraintSchema,CONSTRAINT_SCHEMA as constraintCatalog,TABLE_NAME as tableName,TABLE_SCHEMA as tableSchema,TABLE_SCHEMA as tableCatalog,COLUMN_NAME as columnName,REFERENCED_TABLE_SCHEMA as referencedTableSchema,REFERENCED_TABLE_SCHEMA as referencedTableCatalog,REFERENCED_TABLE_NAME as referencedTableName,REFERENCED_COLUMN_NAME as referencedColumnName FROM INFORMATION_SCHEMA.KEY_COLUMN_USAGE where TABLE_NAME = 'mentor_assignment_history' AND CONSTRAINT_NAME!='PRIMARY' AND CONSTRAINT_SCHEMA='smart_ai_internship' AND REFERENCED_TABLE_NAME IS NOT NULL;
Executing (default): SELECT CONSTRAINT_CATALOG AS constraintCatalog, CONSTRAINT_NAME AS constraintName, CONSTRAINT_SCHEMA AS constraintSchema, CONSTRAINT_TYPE AS constraintType, TABLE_NAME AS tableName, TABLE_SCHEMA AS tableSchema from INFORMATION_SCHEMA.TABLE_CONSTRAINTS WHERE table_name='mentor_assignment_history' AND constraint_name = 'mentor_assignment_history_ibfk_17' AND TABLE_SCHEMA = 'smart_ai_internship';
Executing (default): ALTER TABLE `mentor_assignment_history` DROP FOREIGN KEY `mentor_assignment_history_ibfk_17`;
Executing (default): ALTER TABLE `mentor_assignment_history` ADD FOREIGN KEY (`assignmentId`) REFERENCES `mentor_assignments` (`id`) ON DELETE CASCADE ON UPDATE CASCADE;
Executing (default): ALTER TABLE `mentor_assignment_history` CHANGE `fromStatus` `fromStatus` VARCHAR(30);
Executing (default): ALTER TABLE `mentor_assignment_history` CHANGE `toStatus` `toStatus` VARCHAR(30) NOT NULL;
Executing (default): SELECT CONSTRAINT_CATALOG AS constraintCatalog, CONSTRAINT_NAME AS constraintName, CONSTRAINT_SCHEMA AS constraintSchema, CONSTRAINT_TYPE AS constraintType, TABLE_NAME AS tableName, TABLE_SCHEMA AS tableSchema from INFORMATION_SCHEMA.TABLE_CONSTRAINTS WHERE table_name='mentor_assignment_history' AND constraint_name = 'mentor_assignment_history_ibfk_18' AND TABLE_SCHEMA = 'smart_ai_internship';
Executing (default): ALTER TABLE `mentor_assignment_history` DROP FOREIGN KEY `mentor_assignment_history_ibfk_18`;
Executing (default): ALTER TABLE `mentor_assignment_history` ADD FOREIGN KEY (`changedByUserId`) REFERENCES `users` (`id`) ON DELETE SET NULL ON UPDATE CASCADE;
Executing (default): ALTER TABLE `mentor_assignment_history` CHANGE `reason` `reason` VARCHAR(500);
Executing (default): ALTER TABLE `mentor_assignment_history` CHANGE `createdAt` `createdAt` DATETIME NOT NULL;
Executing (default): SHOW INDEX FROM `mentor_assignment_history`
Executing (default): SELECT TABLE_NAME FROM INFORMATION_SCHEMA.TABLES WHERE TABLE_TYPE = 'BASE TABLE' AND TABLE_NAME = 'mentor_notes' AND TABLE_SCHEMA = 'smart_ai_internship'
Executing (default): SHOW FULL COLUMNS FROM `mentor_notes`;
Executing (default): SELECT CONSTRAINT_NAME as constraint_name,CONSTRAINT_NAME as constraintName,CONSTRAINT_SCHEMA as constraintSchema,CONSTRAINT_SCHEMA as constraintCatalog,TABLE_NAME as tableName,TABLE_SCHEMA as tableSchema,TABLE_SCHEMA as tableCatalog,COLUMN_NAME as columnName,REFERENCED_TABLE_SCHEMA as referencedTableSchema,REFERENCED_TABLE_SCHEMA as referencedTableCatalog,REFERENCED_TABLE_NAME as referencedTableName,REFERENCED_COLUMN_NAME as referencedColumnName FROM INFORMATION_SCHEMA.KEY_COLUMN_USAGE where TABLE_NAME = 'mentor_notes' AND CONSTRAINT_NAME!='PRIMARY' AND CONSTRAINT_SCHEMA='smart_ai_internship' AND REFERENCED_TABLE_NAME IS NOT NULL;
Executing (default): SELECT CONSTRAINT_CATALOG AS constraintCatalog, CONSTRAINT_NAME AS constraintName, CONSTRAINT_SCHEMA AS constraintSchema, CONSTRAINT_TYPE AS constraintType, TABLE_NAME AS tableName, TABLE_SCHEMA AS tableSchema from INFORMATION_SCHEMA.TABLE_CONSTRAINTS WHERE table_name='mentor_notes' AND constraint_name = 'mentor_notes_ibfk_17' AND TABLE_SCHEMA = 'smart_ai_internship';
Executing (default): ALTER TABLE `mentor_notes` DROP FOREIGN KEY `mentor_notes_ibfk_17`;
Executing (default): ALTER TABLE `mentor_notes` ADD FOREIGN KEY (`assignmentId`) REFERENCES `mentor_assignments` (`id`) ON DELETE CASCADE ON UPDATE CASCADE;
Executing (default): SELECT CONSTRAINT_CATALOG AS constraintCatalog, CONSTRAINT_NAME AS constraintName, CONSTRAINT_SCHEMA AS constraintSchema, CONSTRAINT_TYPE AS constraintType, TABLE_NAME AS tableName, TABLE_SCHEMA AS tableSchema from INFORMATION_SCHEMA.TABLE_CONSTRAINTS WHERE table_name='mentor_notes' AND constraint_name = 'mentor_notes_ibfk_18' AND TABLE_SCHEMA = 'smart_ai_internship';
Executing (default): ALTER TABLE `mentor_notes` DROP FOREIGN KEY `mentor_notes_ibfk_18`;
Executing (default): ALTER TABLE `mentor_notes` ADD FOREIGN KEY (`authorUserId`) REFERENCES `users` (`id`) ON DELETE SET NULL ON UPDATE CASCADE;
Executing (default): ALTER TABLE `mentor_notes` CHANGE `authorRole` `authorRole` ENUM('mentor', 'student') NOT NULL;
Executing (default): ALTER TABLE `mentor_notes` CHANGE `authorName` `authorName` VARCHAR(200);
Executing (default): ALTER TABLE `mentor_notes` CHANGE `body` `body` TEXT NOT NULL;
Executing (default): ALTER TABLE `mentor_notes` CHANGE `isPinned` `isPinned` TINYINT(1) NOT NULL DEFAULT false;
Executing (default): ALTER TABLE `mentor_notes` CHANGE `createdAt` `createdAt` DATETIME NOT NULL;
Executing (default): ALTER TABLE `mentor_notes` CHANGE `updatedAt` `updatedAt` DATETIME NOT NULL;
Executing (default): SHOW INDEX FROM `mentor_notes`
Database synchronized
[0mGET /health [32m200[0m 2.831 ms - 85[0m
Executing (default): SELECT `id`, `email`, `password`, `role`, `isEmailVerified`, `isActive`, `googleId`, `avatar`, `emailVerificationToken`, `emailVerificationExpire`, `resetPasswordToken`, `resetPasswordExpire`, `otp`, `otpExpire`, `otpAttempts`, `lastLogin`, `createdAt`, `updatedAt`, `password` FROM `users` AS `User` WHERE `User`.`email` = 'hr@technova.com' LIMIT 1;
Executing (default): UPDATE `users` SET `lastLogin`=?,`updatedAt`=? WHERE `id` = ?
[0mPOST /api/auth/login [32m200[0m 107.837 ms - 320[0m
Executing (default): SELECT `id`, `email`, `password`, `role`, `isEmailVerified`, `isActive`, `googleId`, `avatar`, `emailVerificationToken`, `emailVerificationExpire`, `resetPasswordToken`, `resetPasswordExpire`, `otp`, `otpExpire`, `otpAttempts`, `lastLogin`, `createdAt`, `updatedAt`, `password` FROM `users` AS `User` WHERE `User`.`email` = 'hr@technova.com' LIMIT 1;
Executing (default): UPDATE `users` SET `lastLogin`=?,`updatedAt`=? WHERE `id` = ?
[0mPOST /api/auth/login [32m200[0m 90.963 ms - 320[0m
Executing (default): SELECT `id`, `email`, `password`, `role`, `isEmailVerified`, `isActive`, `googleId`, `avatar`, `emailVerificationToken`, `emailVerificationExpire`, `resetPasswordToken`, `resetPasswordExpire`, `otp`, `otpExpire`, `otpAttempts`, `lastLogin`, `createdAt`, `updatedAt`, `password` FROM `users` AS `User` WHERE `User`.`email` = 'alice@student.com' LIMIT 1;
Executing (default): UPDATE `users` SET `lastLogin`=?,`updatedAt`=? WHERE `id` = ?
[0mPOST /api/auth/login [32m200[0m 103.533 ms - 322[0m
Executing (default): SELECT `id`, `email`, `password`, `role`, `isEmailVerified`, `isActive`, `googleId`, `avatar`, `emailVerificationToken`, `emailVerificationExpire`, `resetPasswordToken`, `resetPasswordExpire`, `otp`, `otpExpire`, `otpAttempts`, `lastLogin`, `createdAt`, `updatedAt`, `password` FROM `users` AS `User` WHERE `User`.`email` = 'alice@student.com' LIMIT 1;
Executing (default): UPDATE `users` SET `lastLogin`=?,`updatedAt`=? WHERE `id` = ?
[0mPOST /api/auth/login [32m200[0m 93.999 ms - 322[0m
Executing (default): SELECT `id`, `email`, `password`, `role`, `isEmailVerified`, `isActive`, `googleId`, `avatar`, `emailVerificationToken`, `emailVerificationExpire`, `resetPasswordToken`, `resetPasswordExpire`, `otp`, `otpExpire`, `otpAttempts`, `lastLogin`, `createdAt`, `updatedAt`, `password` FROM `users` AS `User` WHERE `User`.`email` = 'bob@student.com' LIMIT 1;
Executing (default): UPDATE `users` SET `lastLogin`=?,`updatedAt`=? WHERE `id` = ?
[0mPOST /api/auth/login [32m200[0m 95.493 ms - 320[0m
Executing (default): SELECT `id`, `email`, `password`, `role`, `isEmailVerified`, `isActive`, `googleId`, `avatar`, `emailVerificationToken`, `emailVerificationExpire`, `resetPasswordToken`, `resetPasswordExpire`, `otp`, `otpExpire`, `otpAttempts`, `lastLogin`, `createdAt`, `updatedAt`, `password` FROM `users` AS `User` WHERE `User`.`email` = 'bob@student.com' LIMIT 1;
Executing (default): UPDATE `users` SET `lastLogin`=?,`updatedAt`=? WHERE `id` = ?
[0mPOST /api/auth/login [32m200[0m 99.760 ms - 320[0m
Executing (default): SELECT `id`, `email`, `password`, `role`, `isEmailVerified`, `isActive`, `googleId`, `avatar`, `emailVerificationToken`, `emailVerificationExpire`, `resetPasswordToken`, `resetPasswordExpire`, `otp`, `otpExpire`, `otpAttempts`, `lastLogin`, `createdAt`, `updatedAt`, `password` FROM `users` AS `User` WHERE `User`.`email` = 'sara.mentor@example.com' LIMIT 1;
Executing (default): UPDATE `users` SET `lastLogin`=?,`updatedAt`=? WHERE `id` = ?
[0mPOST /api/auth/login [32m200[0m 84.414 ms - 329[0m
Executing (default): SELECT `id`, `email`, `password`, `role`, `isEmailVerified`, `isActive`, `googleId`, `avatar`, `emailVerificationToken`, `emailVerificationExpire`, `resetPasswordToken`, `resetPasswordExpire`, `otp`, `otpExpire`, `otpAttempts`, `lastLogin`, `createdAt`, `updatedAt`, `password` FROM `users` AS `User` WHERE `User`.`email` = 'sara.mentor@example.com' LIMIT 1;
Executing (default): UPDATE `users` SET `lastLogin`=?,`updatedAt`=? WHERE `id` = ?
[0mPOST /api/auth/login [32m200[0m 81.444 ms - 329[0m
Executing (default): SELECT `id`, `email`, `password`, `role`, `isEmailVerified`, `isActive`, `googleId`, `avatar`, `emailVerificationToken`, `emailVerificationExpire`, `resetPasswordToken`, `resetPasswordExpire`, `otp`, `otpExpire`, `otpAttempts`, `lastLogin`, `createdAt`, `updatedAt`, `password` FROM `users` AS `User` WHERE `User`.`email` = 'omar.mentor@example.com' LIMIT 1;
Executing (default): UPDATE `users` SET `lastLogin`=?,`updatedAt`=? WHERE `id` = ?
[0mPOST /api/auth/login [32m200[0m 94.110 ms - 329[0m
Executing (default): SELECT `id`, `email`, `password`, `role`, `isEmailVerified`, `isActive`, `googleId`, `avatar`, `emailVerificationToken`, `emailVerificationExpire`, `resetPasswordToken`, `resetPasswordExpire`, `otp`, `otpExpire`, `otpAttempts`, `lastLogin`, `createdAt`, `updatedAt`, `password` FROM `users` AS `User` WHERE `User`.`email` = 'omar.mentor@example.com' LIMIT 1;
Executing (default): UPDATE `users` SET `lastLogin`=?,`updatedAt`=? WHERE `id` = ?
[0mPOST /api/auth/login [32m200[0m 98.957 ms - 329[0m
Executing (default): SELECT `id`, `email`, `password`, `role`, `isEmailVerified`, `isActive`, `googleId`, `avatar`, `emailVerificationToken`, `emailVerificationExpire`, `resetPasswordToken`, `resetPasswordExpire`, `otp`, `otpExpire`, `otpAttempts`, `lastLogin`, `createdAt`, `updatedAt`, `password` FROM `users` AS `User` WHERE `User`.`email` = 'bilal.mentor@example.com' LIMIT 1;
Executing (default): UPDATE `users` SET `lastLogin`=?,`updatedAt`=? WHERE `id` = ?
[0mPOST /api/auth/login [32m200[0m 97.957 ms - 330[0m
Executing (default): SELECT `id`, `email`, `password`, `role`, `isEmailVerified`, `isActive`, `googleId`, `avatar`, `emailVerificationToken`, `emailVerificationExpire`, `resetPasswordToken`, `resetPasswordExpire`, `otp`, `otpExpire`, `otpAttempts`, `lastLogin`, `createdAt`, `updatedAt`, `password` FROM `users` AS `User` WHERE `User`.`email` = 'bilal.mentor@example.com' LIMIT 1;
Executing (default): UPDATE `users` SET `lastLogin`=?,`updatedAt`=? WHERE `id` = ?
[0mPOST /api/auth/login [32m200[0m 70.378 ms - 330[0m
Executing (default): SELECT `id`, `email`, `password`, `role`, `isEmailVerified`, `isActive`, `googleId`, `avatar`, `emailVerificationToken`, `emailVerificationExpire`, `resetPasswordToken`, `resetPasswordExpire`, `otp`, `otpExpire`, `otpAttempts`, `lastLogin`, `createdAt`, `updatedAt`, `password` FROM `users` AS `User` WHERE `User`.`email` = 'nadia.mentor@example.com' LIMIT 1;
Executing (default): UPDATE `users` SET `lastLogin`=?,`updatedAt`=? WHERE `id` = ?
[0mPOST /api/auth/login [32m200[0m 90.106 ms - 330[0m
Executing (default): SELECT `id`, `email`, `password`, `role`, `isEmailVerified`, `isActive`, `googleId`, `avatar`, `emailVerificationToken`, `emailVerificationExpire`, `resetPasswordToken`, `resetPasswordExpire`, `otp`, `otpExpire`, `otpAttempts`, `lastLogin`, `createdAt`, `updatedAt`, `password` FROM `users` AS `User` WHERE `User`.`email` = 'nadia.mentor@example.com' LIMIT 1;
Executing (default): UPDATE `users` SET `lastLogin`=?,`updatedAt`=? WHERE `id` = ?
[0mPOST /api/auth/login [32m200[0m 80.330 ms - 330[0m
Executing (default): SELECT `id`, `email`, `password`, `role`, `isEmailVerified`, `isActive`, `googleId`, `avatar`, `emailVerificationToken`, `emailVerificationExpire`, `resetPasswordToken`, `resetPasswordExpire`, `otp`, `otpExpire`, `otpAttempts`, `lastLogin`, `createdAt`, `updatedAt`, `password` FROM `users` AS `User` WHERE `User`.`email` = 'admin@example.com' LIMIT 1;
Executing (default): UPDATE `users` SET `lastLogin`=?,`updatedAt`=? WHERE `id` = ?
[0mPOST /api/auth/login [32m200[0m 96.621 ms - 321[0m
Executing (default): SELECT `id`, `email`, `password`, `role`, `isEmailVerified`, `isActive`, `googleId`, `avatar`, `emailVerificationToken`, `emailVerificationExpire`, `resetPasswordToken`, `resetPasswordExpire`, `otp`, `otpExpire`, `otpAttempts`, `lastLogin`, `createdAt`, `updatedAt`, `password` FROM `users` AS `User` WHERE `User`.`email` = 'admin@example.com' LIMIT 1;
Executing (default): UPDATE `users` SET `lastLogin`=?,`updatedAt`=? WHERE `id` = ?
[0mPOST /api/auth/login [32m200[0m 87.543 ms - 321[0m
Executing (default): SELECT `id`, `email`, `password`, `role`, `isEmailVerified`, `isActive`, `googleId`, `avatar`, `emailVerificationToken`, `emailVerificationExpire`, `resetPasswordToken`, `resetPasswordExpire`, `otp`, `otpExpire`, `otpAttempts`, `lastLogin`, `createdAt`, `updatedAt`, `password` FROM `users` AS `User` WHERE `User`.`email` = 'hr@technova.com' LIMIT 1;
Executing (default): UPDATE `users` SET `lastLogin`=?,`updatedAt`=? WHERE `id` = ?
[0mPOST /api/auth/login [32m200[0m 100.710 ms - 320[0m
Executing (default): SELECT `id`, `email`, `password`, `role`, `isEmailVerified`, `isActive`, `googleId`, `avatar`, `emailVerificationToken`, `emailVerificationExpire`, `resetPasswordToken`, `resetPasswordExpire`, `otp`, `otpExpire`, `otpAttempts`, `lastLogin`, `createdAt`, `updatedAt`, `password` FROM `users` AS `User` WHERE `User`.`email` = 'alice@student.com' LIMIT 1;
Executing (default): UPDATE `users` SET `lastLogin`=?,`updatedAt`=? WHERE `id` = ?
[0mPOST /api/auth/login [32m200[0m 96.495 ms - 322[0m
Executing (default): SELECT `id`, `email`, `password`, `role`, `isEmailVerified`, `isActive`, `googleId`, `avatar`, `emailVerificationToken`, `emailVerificationExpire`, `resetPasswordToken`, `resetPasswordExpire`, `otp`, `otpExpire`, `otpAttempts`, `lastLogin`, `createdAt`, `updatedAt`, `password` FROM `users` AS `User` WHERE `User`.`email` = 'bob@student.com' LIMIT 1;
Executing (default): UPDATE `users` SET `lastLogin`=?,`updatedAt`=? WHERE `id` = ?
[0mPOST /api/auth/login [32m200[0m 96.445 ms - 320[0m
Executing (default): SELECT `id`, `email`, `password`, `role`, `isEmailVerified`, `isActive`, `googleId`, `avatar`, `emailVerificationToken`, `emailVerificationExpire`, `resetPasswordToken`, `resetPasswordExpire`, `otp`, `otpExpire`, `otpAttempts`, `lastLogin`, `createdAt`, `updatedAt`, `password` FROM `users` AS `User` WHERE `User`.`email` = 'sara.mentor@example.com' LIMIT 1;
Executing (default): UPDATE `users` SET `lastLogin`=?,`updatedAt`=? WHERE `id` = ?
[0mPOST /api/auth/login [32m200[0m 91.624 ms - 329[0m
Executing (default): SELECT `id`, `email`, `password`, `role`, `isEmailVerified`, `isActive`, `googleId`, `avatar`, `emailVerificationToken`, `emailVerificationExpire`, `resetPasswordToken`, `resetPasswordExpire`, `otp`, `otpExpire`, `otpAttempts`, `lastLogin`, `createdAt`, `updatedAt`, `password` FROM `users` AS `User` WHERE `User`.`email` = 'omar.mentor@example.com' LIMIT 1;
Executing (default): UPDATE `users` SET `lastLogin`=?,`updatedAt`=? WHERE `id` = ?
[0mPOST /api/auth/login [32m200[0m 94.965 ms - 329[0m
Executing (default): SELECT `id`, `email`, `password`, `role`, `isEmailVerified`, `isActive`, `googleId`, `avatar`, `emailVerificationToken`, `emailVerificationExpire`, `resetPasswordToken`, `resetPasswordExpire`, `otp`, `otpExpire`, `otpAttempts`, `lastLogin`, `createdAt`, `updatedAt`, `password` FROM `users` AS `User` WHERE `User`.`email` = 'bilal.mentor@example.com' LIMIT 1;
Executing (default): UPDATE `users` SET `lastLogin`=?,`updatedAt`=? WHERE `id` = ?
[0mPOST /api/auth/login [32m200[0m 94.944 ms - 330[0m
Executing (default): SELECT `id`, `email`, `password`, `role`, `isEmailVerified`, `isActive`, `googleId`, `avatar`, `emailVerificationToken`, `emailVerificationExpire`, `resetPasswordToken`, `resetPasswordExpire`, `otp`, `otpExpire`, `otpAttempts`, `lastLogin`, `createdAt`, `updatedAt`, `password` FROM `users` AS `User` WHERE `User`.`email` = 'nadia.mentor@example.com' LIMIT 1;
Executing (default): UPDATE `users` SET `lastLogin`=?,`updatedAt`=? WHERE `id` = ?
[0mPOST /api/auth/login [32m200[0m 97.810 ms - 330[0m
Executing (default): SELECT `id`, `email`, `password`, `role`, `isEmailVerified`, `isActive`, `googleId`, `avatar`, `emailVerificationToken`, `emailVerificationExpire`, `resetPasswordToken`, `resetPasswordExpire`, `otp`, `otpExpire`, `otpAttempts`, `lastLogin`, `createdAt`, `updatedAt`, `password` FROM `users` AS `User` WHERE `User`.`email` = 'admin@example.com' LIMIT 1;
Executing (default): UPDATE `users` SET `lastLogin`=?,`updatedAt`=? WHERE `id` = ?
[0mPOST /api/auth/login [32m200[0m 96.072 ms - 321[0m
Executing (default): SELECT `id`, `email`, `role`, `isEmailVerified`, `isActive`, `googleId`, `avatar`, `emailVerificationToken`, `emailVerificationExpire`, `resetPasswordToken`, `resetPasswordExpire`, `otp`, `otpExpire`, `otpAttempts`, `lastLogin`, `createdAt`, `updatedAt` FROM `users` AS `User` WHERE `User`.`id` = 1;
Executing (default): SELECT `id`, `userId`, `companyName`, `companySize`, `industry`, `foundedYear`, `website`, `description`, `logo`, `coverImage`, `locationAddress`, `locationCity`, `locationState`, `locationCountry`, `locationZipCode`, `contactPhone`, `contactEmail`, `contactPersonName`, `contactPersonDesignation`, `contactPersonEmail`, `contactPersonPhone`, `socialLinkedin`, `socialTwitter`, `socialFacebook`, `socialInstagram`, `cultureValues`, `cultureBenefits`, `cultureWorkEnvironment`, `verificationIsVerified`, `verificationVerifiedAt`, `statActiveTasks`, `statCompletedTasks`, `statTotalApplications`, `statHiredCandidates`, `statAverageRating`, `statTotalRatings`, `profileCompletion`, `isProfilePublic`, `subscriptionPlan`, `subscriptionExpiry`, `createdAt`, `updatedAt` FROM `companies` AS `Company` WHERE `Company`.`userId` = 1;
Executing (default): SELECT `Application`.`id`, `Application`.`taskId`, `Application`.`studentId`, `Application`.`coverLetter`, `Application`.`proposedRate`, `Application`.`proposedCurrency`, `Application`.`expectedStartDate`, `Application`.`availabilityHoursPerWeek`, `Application`.`resumeUrl`, `Application`.`portfolioUrl`, `Application`.`status`, `Application`.`matchScore`, `Application`.`rejectionReason`, `Application`.`companyNotes`, `Application`.`viewedByCompanyAt`, `Application`.`submittedAt`, `Application`.`decidedAt`, `Application`.`createdAt`, `Application`.`updatedAt`, `task`.`id` AS `task.id`, `task`.`title` AS `task.title`, `task`.`description` AS `task.description`, `task`.`category` AS `task.category`, `task`.`subcategory` AS `task.subcategory`, `task`.`companyId` AS `task.companyId`, `task`.`type` AS `task.type`, `task`.`durationValue` AS `task.durationValue`, `task`.`durationUnit` AS `task.durationUnit`, `task`.`workType` AS `task.workType`, `task`.`experienceLevel` AS `task.experienceLevel`, `task`.`requirements` AS `task.requirements`, `task`.`budgetType` AS `task.budgetType`, `task`.`budgetAmountMin` AS `task.budgetAmountMin`, `task`.`budgetAmountMax` AS `task.budgetAmountMax`, `task`.`budgetCurrency` AS `task.budgetCurrency`, `task`.`applicationDeadline` AS `task.applicationDeadline`, `task`.`startDate` AS `task.startDate`, `task`.`endDate` AS `task.endDate`, `task`.`status` AS `task.status`, `task`.`isPublic` AS `task.isPublic`, `task`.`isFeatured` AS `task.isFeatured`, `task`.`maxApplications` AS `task.maxApplications`, `task`.`applicationCount` AS `task.applicationCount`, `task`.`deliverables` AS `task.deliverables`, `task`.`benefits` AS `task.benefits`, `task`.`locationCity` AS `task.locationCity`, `task`.`locationState` AS `task.locationState`, `task`.`locationCountry` AS `task.locationCountry`, `task`.`locationTimezone` AS `task.locationTimezone`, `task`.`tags` AS `task.tags`, `task`.`searchKeywords` AS `task.searchKeywords`, `task`.`views` AS `task.views`, `task`.`saves` AS `task.saves`, `task`.`publishedAt` AS `task.publishedAt`, `task`.`closedAt` AS `task.closedAt`, `task`.`createdAt` AS `task.createdAt`, `task`.`updatedAt` AS `task.updatedAt` FROM `applications` AS `Application` LEFT OUTER JOIN `tasks` AS `task` ON `Application`.`taskId` = `task`.`id` WHERE `Application`.`id` = '1';
Executing (default): SELECT `MentorAssignment`.`id`, `MentorAssignment`.`applicationId`, `MentorAssignment`.`mentorId`, `MentorAssignment`.`studentId`, `MentorAssignment`.`taskId`, `MentorAssignment`.`companyId`, `MentorAssignment`.`status`, `MentorAssignment`.`matchScore`, `MentorAssignment`.`assignedByUserId`, `MentorAssignment`.`assignmentNote`, `MentorAssignment`.`declineReason`, `MentorAssignment`.`cancellationReason`, `MentorAssignment`.`respondedAt`, `MentorAssignment`.`startedAt`, `MentorAssignment`.`completedAt`, `MentorAssignment`.`cancelledAt`, `MentorAssignment`.`lastNoteAt`, `MentorAssignment`.`studentRating`, `MentorAssignment`.`studentFeedback`, `MentorAssignment`.`mentorRating`, `MentorAssignment`.`mentorFeedback`, `MentorAssignment`.`createdAt`, `MentorAssignment`.`updatedAt`, `mentor`.`id` AS `mentor.id`, `mentor`.`firstName` AS `mentor.firstName`, `mentor`.`lastName` AS `mentor.lastName`, `mentor`.`headline` AS `mentor.headline`, `mentor`.`profilePicture` AS `mentor.profilePicture`, `mentor`.`currentPosition` AS `mentor.currentPosition`, `mentor`.`currentCompany` AS `mentor.currentCompany`, `mentor`.`yearsOfExperience` AS `mentor.yearsOfExperience`, `mentor`.`availabilityStatus` AS `mentor.availabilityStatus`, `mentor`.`maxActiveMentees` AS `mentor.maxActiveMentees`, `mentor`.`activeMenteeCount` AS `mentor.activeMenteeCount`, `mentor`.`verificationStatus` AS `mentor.verificationStatus`, `mentor`.`statAverageRating` AS `mentor.statAverageRating`, `mentor`.`statTotalRatings` AS `mentor.statTotalRatings`, `mentor`.`locationCity` AS `mentor.locationCity`, `mentor`.`locationCountry` AS `mentor.locationCountry`, `mentor->expertise`.`id` AS `mentor.expertise.id`, `mentor->expertise`.`mentorId` AS `mentor.expertise.mentorId`, `mentor->expertise`.`name` AS `mentor.expertise.name`, `mentor->expertise`.`level` AS `mentor.expertise.level`, `mentor->expertise`.`yearsOfExperience` AS `mentor.expertise.yearsOfExperience`, `mentor->expertise`.`createdAt` AS `mentor.expertise.createdAt`, `mentor->expertise`.`updatedAt` AS `mentor.expertise.updatedAt`, `student`.`id` AS `student.id`, `student`.`firstName` AS `student.firstName`, `student`.`lastName` AS `student.lastName`, `student`.`headline` AS `student.headline`, `student`.`profilePicture` AS `student.profilePicture`, `student`.`locationCity` AS `student.locationCity`, `student`.`locationCountry` AS `student.locationCountry`, `student`.`profileCompletion` AS `student.profileCompletion`, `company`.`id` AS `company.id`, `company`.`companyName` AS `company.companyName`, `company`.`logo` AS `company.logo`, `company`.`industry` AS `company.industry`, `company`.`contactEmail` AS `company.contactEmail`, `task`.`id` AS `task.id`, `task`.`title` AS `task.title`, `task`.`category` AS `task.category`, `task`.`experienceLevel` AS `task.experienceLevel`, `task`.`status` AS `task.status`, `application`.`id` AS `application.id`, `application`.`status` AS `application.status` FROM `mentor_assignments` AS `MentorAssignment` LEFT OUTER JOIN `mentors` AS `mentor` ON `MentorAssignment`.`mentorId` = `mentor`.`id` LEFT OUTER JOIN `mentor_expertise` AS `mentor->expertise` ON `mentor`.`id` = `mentor->expertise`.`mentorId` LEFT OUTER JOIN `students` AS `student` ON `MentorAssignment`.`studentId` = `student`.`id` LEFT OUTER JOIN `companies` AS `company` ON `MentorAssignment`.`companyId` = `company`.`id` LEFT OUTER JOIN `tasks` AS `task` ON `MentorAssignment`.`taskId` = `task`.`id` LEFT OUTER JOIN `applications` AS `application` ON `MentorAssignment`.`applicationId` = `application`.`id` WHERE `MentorAssignment`.`applicationId` = 1 ORDER BY `MentorAssignment`.`createdAt` DESC;
[0mGET /api/mentor-assignments/applications/1 [32m200[0m 32.498 ms - 3058[0m
Executing (default): SELECT `id`, `email`, `role`, `isEmailVerified`, `isActive`, `googleId`, `avatar`, `emailVerificationToken`, `emailVerificationExpire`, `resetPasswordToken`, `resetPasswordExpire`, `otp`, `otpExpire`, `otpAttempts`, `lastLogin`, `createdAt`, `updatedAt` FROM `users` AS `User` WHERE `User`.`id` = 1;
Executing (default): SELECT `id`, `userId`, `companyName`, `companySize`, `industry`, `foundedYear`, `website`, `description`, `logo`, `coverImage`, `locationAddress`, `locationCity`, `locationState`, `locationCountry`, `locationZipCode`, `contactPhone`, `contactEmail`, `contactPersonName`, `contactPersonDesignation`, `contactPersonEmail`, `contactPersonPhone`, `socialLinkedin`, `socialTwitter`, `socialFacebook`, `socialInstagram`, `cultureValues`, `cultureBenefits`, `cultureWorkEnvironment`, `verificationIsVerified`, `verificationVerifiedAt`, `statActiveTasks`, `statCompletedTasks`, `statTotalApplications`, `statHiredCandidates`, `statAverageRating`, `statTotalRatings`, `profileCompletion`, `isProfilePublic`, `subscriptionPlan`, `subscriptionExpiry`, `createdAt`, `updatedAt` FROM `companies` AS `Company` WHERE `Company`.`userId` = 1;
Executing (default): SELECT `Application`.`id`, `Application`.`taskId`, `Application`.`studentId`, `Application`.`coverLetter`, `Application`.`proposedRate`, `Application`.`proposedCurrency`, `Application`.`expectedStartDate`, `Application`.`availabilityHoursPerWeek`, `Application`.`resumeUrl`, `Application`.`portfolioUrl`, `Application`.`status`, `Application`.`matchScore`, `Application`.`rejectionReason`, `Application`.`companyNotes`, `Application`.`viewedByCompanyAt`, `Application`.`submittedAt`, `Application`.`decidedAt`, `Application`.`createdAt`, `Application`.`updatedAt`, `task`.`id` AS `task.id`, `task`.`title` AS `task.title`, `task`.`description` AS `task.description`, `task`.`category` AS `task.category`, `task`.`subcategory` AS `task.subcategory`, `task`.`companyId` AS `task.companyId`, `task`.`type` AS `task.type`, `task`.`durationValue` AS `task.durationValue`, `task`.`durationUnit` AS `task.durationUnit`, `task`.`workType` AS `task.workType`, `task`.`experienceLevel` AS `task.experienceLevel`, `task`.`requirements` AS `task.requirements`, `task`.`budgetType` AS `task.budgetType`, `task`.`budgetAmountMin` AS `task.budgetAmountMin`, `task`.`budgetAmountMax` AS `task.budgetAmountMax`, `task`.`budgetCurrency` AS `task.budgetCurrency`, `task`.`applicationDeadline` AS `task.applicationDeadline`, `task`.`startDate` AS `task.startDate`, `task`.`endDate` AS `task.endDate`, `task`.`status` AS `task.status`, `task`.`isPublic` AS `task.isPublic`, `task`.`isFeatured` AS `task.isFeatured`, `task`.`maxApplications` AS `task.maxApplications`, `task`.`applicationCount` AS `task.applicationCount`, `task`.`deliverables` AS `task.deliverables`, `task`.`benefits` AS `task.benefits`, `task`.`locationCity` AS `task.locationCity`, `task`.`locationState` AS `task.locationState`, `task`.`locationCountry` AS `task.locationCountry`, `task`.`locationTimezone` AS `task.locationTimezone`, `task`.`tags` AS `task.tags`, `task`.`searchKeywords` AS `task.searchKeywords`, `task`.`views` AS `task.views`, `task`.`saves` AS `task.saves`, `task`.`publishedAt` AS `task.publishedAt`, `task`.`closedAt` AS `task.closedAt`, `task`.`createdAt` AS `task.createdAt`, `task`.`updatedAt` AS `task.updatedAt` FROM `applications` AS `Application` LEFT OUTER JOIN `tasks` AS `task` ON `Application`.`taskId` = `task`.`id` WHERE `Application`.`id` = '1';
Executing (default): SELECT `MentorAssignment`.`id`, `MentorAssignment`.`applicationId`, `MentorAssignment`.`mentorId`, `MentorAssignment`.`studentId`, `MentorAssignment`.`taskId`, `MentorAssignment`.`companyId`, `MentorAssignment`.`status`, `MentorAssignment`.`matchScore`, `MentorAssignment`.`assignedByUserId`, `MentorAssignment`.`assignmentNote`, `MentorAssignment`.`declineReason`, `MentorAssignment`.`cancellationReason`, `MentorAssignment`.`respondedAt`, `MentorAssignment`.`startedAt`, `MentorAssignment`.`completedAt`, `MentorAssignment`.`cancelledAt`, `MentorAssignment`.`lastNoteAt`, `MentorAssignment`.`studentRating`, `MentorAssignment`.`studentFeedback`, `MentorAssignment`.`mentorRating`, `MentorAssignment`.`mentorFeedback`, `MentorAssignment`.`createdAt`, `MentorAssignment`.`updatedAt`, `mentor`.`id` AS `mentor.id`, `mentor`.`firstName` AS `mentor.firstName`, `mentor`.`lastName` AS `mentor.lastName`, `mentor`.`headline` AS `mentor.headline`, `mentor`.`profilePicture` AS `mentor.profilePicture`, `mentor`.`currentPosition` AS `mentor.currentPosition`, `mentor`.`currentCompany` AS `mentor.currentCompany`, `mentor`.`yearsOfExperience` AS `mentor.yearsOfExperience`, `mentor`.`availabilityStatus` AS `mentor.availabilityStatus`, `mentor`.`maxActiveMentees` AS `mentor.maxActiveMentees`, `mentor`.`activeMenteeCount` AS `mentor.activeMenteeCount`, `mentor`.`verificationStatus` AS `mentor.verificationStatus`, `mentor`.`statAverageRating` AS `mentor.statAverageRating`, `mentor`.`statTotalRatings` AS `mentor.statTotalRatings`, `mentor`.`locationCity` AS `mentor.locationCity`, `mentor`.`locationCountry` AS `mentor.locationCountry`, `mentor->expertise`.`id` AS `mentor.expertise.id`, `mentor->expertise`.`mentorId` AS `mentor.expertise.mentorId`, `mentor->expertise`.`name` AS `mentor.expertise.name`, `mentor->expertise`.`level` AS `mentor.expertise.level`, `mentor->expertise`.`yearsOfExperience` AS `mentor.expertise.yearsOfExperience`, `mentor->expertise`.`createdAt` AS `mentor.expertise.createdAt`, `mentor->expertise`.`updatedAt` AS `mentor.expertise.updatedAt`, `student`.`id` AS `student.id`, `student`.`firstName` AS `student.firstName`, `student`.`lastName` AS `student.lastName`, `student`.`headline` AS `student.headline`, `student`.`profilePicture` AS `student.profilePicture`, `student`.`locationCity` AS `student.locationCity`, `student`.`locationCountry` AS `student.locationCountry`, `student`.`profileCompletion` AS `student.profileCompletion`, `company`.`id` AS `company.id`, `company`.`companyName` AS `company.companyName`, `company`.`logo` AS `company.logo`, `company`.`industry` AS `company.industry`, `company`.`contactEmail` AS `company.contactEmail`, `task`.`id` AS `task.id`, `task`.`title` AS `task.title`, `task`.`category` AS `task.category`, `task`.`experienceLevel` AS `task.experienceLevel`, `task`.`status` AS `task.status`, `application`.`id` AS `application.id`, `application`.`status` AS `application.status` FROM `mentor_assignments` AS `MentorAssignment` LEFT OUTER JOIN `mentors` AS `mentor` ON `MentorAssignment`.`mentorId` = `mentor`.`id` LEFT OUTER JOIN `mentor_expertise` AS `mentor->expertise` ON `mentor`.`id` = `mentor->expertise`.`mentorId` LEFT OUTER JOIN `students` AS `student` ON `MentorAssignment`.`studentId` = `student`.`id` LEFT OUTER JOIN `companies` AS `company` ON `MentorAssignment`.`companyId` = `company`.`id` LEFT OUTER JOIN `tasks` AS `task` ON `MentorAssignment`.`taskId` = `task`.`id` LEFT OUTER JOIN `applications` AS `application` ON `MentorAssignment`.`applicationId` = `application`.`id` WHERE `MentorAssignment`.`applicationId` = 1 ORDER BY `MentorAssignment`.`createdAt` DESC;
[0mGET /api/mentor-assignments/applications/1 [32m200[0m 12.324 ms - 3058[0m
Executing (default): SELECT `id`, `email`, `role`, `isEmailVerified`, `isActive`, `googleId`, `avatar`, `emailVerificationToken`, `emailVerificationExpire`, `resetPasswordToken`, `resetPasswordExpire`, `otp`, `otpExpire`, `otpAttempts`, `lastLogin`, `createdAt`, `updatedAt` FROM `users` AS `User` WHERE `User`.`id` = 4;
Executing (default): SELECT `id`, `userId`, `firstName`, `lastName`, `profilePicture`, `headline`, `phone`, `dateOfBirth`, `bio`, `locationCity`, `locationState`, `locationCountry`, `socialLinkedin`, `socialGithub`, `socialPortfolio`, `socialTwitter`, `resumeUrl`, `resumeUploadedAt`, `preferenceJobTypes`, `preferenceIndustries`, `preferenceLocations`, `preferenceRemoteWork`, `statTasksCompleted`, `statTasksInProgress`, `statCertificatesEarned`, `statAverageRating`, `statTotalRatings`, `profileCompletion`, `isProfilePublic`, `createdAt`, `updatedAt` FROM `students` AS `Student` WHERE `Student`.`userId` = 4;
Executing (default): SELECT `Application`.`id`, `Application`.`taskId`, `Application`.`studentId`, `Application`.`coverLetter`, `Application`.`proposedRate`, `Application`.`proposedCurrency`, `Application`.`expectedStartDate`, `Application`.`availabilityHoursPerWeek`, `Application`.`resumeUrl`, `Application`.`portfolioUrl`, `Application`.`status`, `Application`.`matchScore`, `Application`.`rejectionReason`, `Application`.`companyNotes`, `Application`.`viewedByCompanyAt`, `Application`.`submittedAt`, `Application`.`decidedAt`, `Application`.`createdAt`, `Application`.`updatedAt`, `task`.`id` AS `task.id`, `task`.`title` AS `task.title`, `task`.`description` AS `task.description`, `task`.`category` AS `task.category`, `task`.`subcategory` AS `task.subcategory`, `task`.`companyId` AS `task.companyId`, `task`.`type` AS `task.type`, `task`.`durationValue` AS `task.durationValue`, `task`.`durationUnit` AS `task.durationUnit`, `task`.`workType` AS `task.workType`, `task`.`experienceLevel` AS `task.experienceLevel`, `task`.`requirements` AS `task.requirements`, `task`.`budgetType` AS `task.budgetType`, `task`.`budgetAmountMin` AS `task.budgetAmountMin`, `task`.`budgetAmountMax` AS `task.budgetAmountMax`, `task`.`budgetCurrency` AS `task.budgetCurrency`, `task`.`applicationDeadline` AS `task.applicationDeadline`, `task`.`startDate` AS `task.startDate`, `task`.`endDate` AS `task.endDate`, `task`.`status` AS `task.status`, `task`.`isPublic` AS `task.isPublic`, `task`.`isFeatured` AS `task.isFeatured`, `task`.`maxApplications` AS `task.maxApplications`, `task`.`applicationCount` AS `task.applicationCount`, `task`.`deliverables` AS `task.deliverables`, `task`.`benefits` AS `task.benefits`, `task`.`locationCity` AS `task.locationCity`, `task`.`locationState` AS `task.locationState`, `task`.`locationCountry` AS `task.locationCountry`, `task`.`locationTimezone` AS `task.locationTimezone`, `task`.`tags` AS `task.tags`, `task`.`searchKeywords` AS `task.searchKeywords`, `task`.`views` AS `task.views`, `task`.`saves` AS `task.saves`, `task`.`publishedAt` AS `task.publishedAt`, `task`.`closedAt` AS `task.closedAt`, `task`.`createdAt` AS `task.createdAt`, `task`.`updatedAt` AS `task.updatedAt` FROM `applications` AS `Application` LEFT OUTER JOIN `tasks` AS `task` ON `Application`.`taskId` = `task`.`id` WHERE `Application`.`id` = '1';
Executing (default): SELECT `MentorAssignment`.`id`, `MentorAssignment`.`applicationId`, `MentorAssignment`.`mentorId`, `MentorAssignment`.`studentId`, `MentorAssignment`.`taskId`, `MentorAssignment`.`companyId`, `MentorAssignment`.`status`, `MentorAssignment`.`matchScore`, `MentorAssignment`.`assignedByUserId`, `MentorAssignment`.`assignmentNote`, `MentorAssignment`.`declineReason`, `MentorAssignment`.`cancellationReason`, `MentorAssignment`.`respondedAt`, `MentorAssignment`.`startedAt`, `MentorAssignment`.`completedAt`, `MentorAssignment`.`cancelledAt`, `MentorAssignment`.`lastNoteAt`, `MentorAssignment`.`studentRating`, `MentorAssignment`.`studentFeedback`, `MentorAssignment`.`mentorRating`, `MentorAssignment`.`mentorFeedback`, `MentorAssignment`.`createdAt`, `MentorAssignment`.`updatedAt`, `mentor`.`id` AS `mentor.id`, `mentor`.`firstName` AS `mentor.firstName`, `mentor`.`lastName` AS `mentor.lastName`, `mentor`.`headline` AS `mentor.headline`, `mentor`.`profilePicture` AS `mentor.profilePicture`, `mentor`.`currentPosition` AS `mentor.currentPosition`, `mentor`.`currentCompany` AS `mentor.currentCompany`, `mentor`.`yearsOfExperience` AS `mentor.yearsOfExperience`, `mentor`.`availabilityStatus` AS `mentor.availabilityStatus`, `mentor`.`maxActiveMentees` AS `mentor.maxActiveMentees`, `mentor`.`activeMenteeCount` AS `mentor.activeMenteeCount`, `mentor`.`verificationStatus` AS `mentor.verificationStatus`, `mentor`.`statAverageRating` AS `mentor.statAverageRating`, `mentor`.`statTotalRatings` AS `mentor.statTotalRatings`, `mentor`.`locationCity` AS `mentor.locationCity`, `mentor`.`locationCountry` AS `mentor.locationCountry`, `mentor->expertise`.`id` AS `mentor.expertise.id`, `mentor->expertise`.`mentorId` AS `mentor.expertise.mentorId`, `mentor->expertise`.`name` AS `mentor.expertise.name`, `mentor->expertise`.`level` AS `mentor.expertise.level`, `mentor->expertise`.`yearsOfExperience` AS `mentor.expertise.yearsOfExperience`, `mentor->expertise`.`createdAt` AS `mentor.expertise.createdAt`, `mentor->expertise`.`updatedAt` AS `mentor.expertise.updatedAt`, `student`.`id` AS `student.id`, `student`.`firstName` AS `student.firstName`, `student`.`lastName` AS `student.lastName`, `student`.`headline` AS `student.headline`, `student`.`profilePicture` AS `student.profilePicture`, `student`.`locationCity` AS `student.locationCity`, `student`.`locationCountry` AS `student.locationCountry`, `student`.`profileCompletion` AS `student.profileCompletion`, `company`.`id` AS `company.id`, `company`.`companyName` AS `company.companyName`, `company`.`logo` AS `company.logo`, `company`.`industry` AS `company.industry`, `company`.`contactEmail` AS `company.contactEmail`, `task`.`id` AS `task.id`, `task`.`title` AS `task.title`, `task`.`category` AS `task.category`, `task`.`experienceLevel` AS `task.experienceLevel`, `task`.`status` AS `task.status`, `application`.`id` AS `application.id`, `application`.`status` AS `application.status` FROM `mentor_assignments` AS `MentorAssignment` LEFT OUTER JOIN `mentors` AS `mentor` ON `MentorAssignment`.`mentorId` = `mentor`.`id` LEFT OUTER JOIN `mentor_expertise` AS `mentor->expertise` ON `mentor`.`id` = `mentor->expertise`.`mentorId` LEFT OUTER JOIN `students` AS `student` ON `MentorAssignment`.`studentId` = `student`.`id` LEFT OUTER JOIN `companies` AS `company` ON `MentorAssignment`.`companyId` = `company`.`id` LEFT OUTER JOIN `tasks` AS `task` ON `MentorAssignment`.`taskId` = `task`.`id` LEFT OUTER JOIN `applications` AS `application` ON `MentorAssignment`.`applicationId` = `application`.`id` WHERE `MentorAssignment`.`applicationId` = 1 ORDER BY `MentorAssignment`.`createdAt` DESC;
[0mGET /api/mentor-assignments/applications/1 [32m200[0m 15.114 ms - 2990[0m
Executing (default): SELECT `id`, `email`, `role`, `isEmailVerified`, `isActive`, `googleId`, `avatar`, `emailVerificationToken`, `emailVerificationExpire`, `resetPasswordToken`, `resetPasswordExpire`, `otp`, `otpExpire`, `otpAttempts`, `lastLogin`, `createdAt`, `updatedAt` FROM `users` AS `User` WHERE `User`.`id` = 5;
Executing (default): SELECT `id`, `userId`, `firstName`, `lastName`, `profilePicture`, `headline`, `phone`, `dateOfBirth`, `bio`, `locationCity`, `locationState`, `locationCountry`, `socialLinkedin`, `socialGithub`, `socialPortfolio`, `socialTwitter`, `resumeUrl`, `resumeUploadedAt`, `preferenceJobTypes`, `preferenceIndustries`, `preferenceLocations`, `preferenceRemoteWork`, `statTasksCompleted`, `statTasksInProgress`, `statCertificatesEarned`, `statAverageRating`, `statTotalRatings`, `profileCompletion`, `isProfilePublic`, `createdAt`, `updatedAt` FROM `students` AS `Student` WHERE `Student`.`userId` = 5;
Executing (default): SELECT `Application`.`id`, `Application`.`taskId`, `Application`.`studentId`, `Application`.`coverLetter`, `Application`.`proposedRate`, `Application`.`proposedCurrency`, `Application`.`expectedStartDate`, `Application`.`availabilityHoursPerWeek`, `Application`.`resumeUrl`, `Application`.`portfolioUrl`, `Application`.`status`, `Application`.`matchScore`, `Application`.`rejectionReason`, `Application`.`companyNotes`, `Application`.`viewedByCompanyAt`, `Application`.`submittedAt`, `Application`.`decidedAt`, `Application`.`createdAt`, `Application`.`updatedAt`, `task`.`id` AS `task.id`, `task`.`title` AS `task.title`, `task`.`description` AS `task.description`, `task`.`category` AS `task.category`, `task`.`subcategory` AS `task.subcategory`, `task`.`companyId` AS `task.companyId`, `task`.`type` AS `task.type`, `task`.`durationValue` AS `task.durationValue`, `task`.`durationUnit` AS `task.durationUnit`, `task`.`workType` AS `task.workType`, `task`.`experienceLevel` AS `task.experienceLevel`, `task`.`requirements` AS `task.requirements`, `task`.`budgetType` AS `task.budgetType`, `task`.`budgetAmountMin` AS `task.budgetAmountMin`, `task`.`budgetAmountMax` AS `task.budgetAmountMax`, `task`.`budgetCurrency` AS `task.budgetCurrency`, `task`.`applicationDeadline` AS `task.applicationDeadline`, `task`.`startDate` AS `task.startDate`, `task`.`endDate` AS `task.endDate`, `task`.`status` AS `task.status`, `task`.`isPublic` AS `task.isPublic`, `task`.`isFeatured` AS `task.isFeatured`, `task`.`maxApplications` AS `task.maxApplications`, `task`.`applicationCount` AS `task.applicationCount`, `task`.`deliverables` AS `task.deliverables`, `task`.`benefits` AS `task.benefits`, `task`.`locationCity` AS `task.locationCity`, `task`.`locationState` AS `task.locationState`, `task`.`locationCountry` AS `task.locationCountry`, `task`.`locationTimezone` AS `task.locationTimezone`, `task`.`tags` AS `task.tags`, `task`.`searchKeywords` AS `task.searchKeywords`, `task`.`views` AS `task.views`, `task`.`saves` AS `task.saves`, `task`.`publishedAt` AS `task.publishedAt`, `task`.`closedAt` AS `task.closedAt`, `task`.`createdAt` AS `task.createdAt`, `task`.`updatedAt` AS `task.updatedAt` FROM `applications` AS `Application` LEFT OUTER JOIN `tasks` AS `task` ON `Application`.`taskId` = `task`.`id` WHERE `Application`.`id` = '1';
[0mGET /api/mentor-assignments/applications/1 [33m403[0m 8.531 ms - 417[0m
Executing (default): SELECT `id`, `email`, `role`, `isEmailVerified`, `isActive`, `googleId`, `avatar`, `emailVerificationToken`, `emailVerificationExpire`, `resetPasswordToken`, `resetPasswordExpire`, `otp`, `otpExpire`, `otpAttempts`, `lastLogin`, `createdAt`, `updatedAt` FROM `users` AS `User` WHERE `User`.`id` = 4;
Executing (default): SELECT `id`, `email`, `role`, `isEmailVerified`, `isActive`, `googleId`, `avatar`, `emailVerificationToken`, `emailVerificationExpire`, `resetPasswordToken`, `resetPasswordExpire`, `otp`, `otpExpire`, `otpAttempts`, `lastLogin`, `createdAt`, `updatedAt` FROM `users` AS `User` WHERE `User`.`id` = 4;
Executing (default): SELECT `id`, `userId`, `firstName`, `lastName`, `profilePicture`, `headline`, `phone`, `dateOfBirth`, `bio`, `locationCity`, `locationState`, `locationCountry`, `socialLinkedin`, `socialGithub`, `socialPortfolio`, `socialTwitter`, `resumeUrl`, `resumeUploadedAt`, `preferenceJobTypes`, `preferenceIndustries`, `preferenceLocations`, `preferenceRemoteWork`, `statTasksCompleted`, `statTasksInProgress`, `statCertificatesEarned`, `statAverageRating`, `statTotalRatings`, `profileCompletion`, `isProfilePublic`, `createdAt`, `updatedAt` FROM `students` AS `Student` WHERE `Student`.`userId` = 4;
[0mGET /api/auth/me [32m200[0m 16.831 ms - 1389[0m
Executing (default): SELECT `id`, `email`, `role`, `isEmailVerified`, `isActive`, `googleId`, `avatar`, `emailVerificationToken`, `emailVerificationExpire`, `resetPasswordToken`, `resetPasswordExpire`, `otp`, `otpExpire`, `otpAttempts`, `lastLogin`, `createdAt`, `updatedAt` FROM `users` AS `User` WHERE `User`.`id` = 1;
Executing (default): SELECT `id`, `email`, `role`, `isEmailVerified`, `isActive`, `googleId`, `avatar`, `emailVerificationToken`, `emailVerificationExpire`, `resetPasswordToken`, `resetPasswordExpire`, `otp`, `otpExpire`, `otpAttempts`, `lastLogin`, `createdAt`, `updatedAt` FROM `users` AS `User` WHERE `User`.`id` = 1;
Executing (default): SELECT `id`, `userId`, `companyName`, `companySize`, `industry`, `foundedYear`, `website`, `description`, `logo`, `coverImage`, `locationAddress`, `locationCity`, `locationState`, `locationCountry`, `locationZipCode`, `contactPhone`, `contactEmail`, `contactPersonName`, `contactPersonDesignation`, `contactPersonEmail`, `contactPersonPhone`, `socialLinkedin`, `socialTwitter`, `socialFacebook`, `socialInstagram`, `cultureValues`, `cultureBenefits`, `cultureWorkEnvironment`, `verificationIsVerified`, `verificationVerifiedAt`, `statActiveTasks`, `statCompletedTasks`, `statTotalApplications`, `statHiredCandidates`, `statAverageRating`, `statTotalRatings`, `profileCompletion`, `isProfilePublic`, `subscriptionPlan`, `subscriptionExpiry`, `createdAt`, `updatedAt` FROM `companies` AS `Company` WHERE `Company`.`userId` = 1;
[0mGET /api/auth/me [32m200[0m 7.094 ms - 1726[0m
Executing (default): SELECT `id`, `email`, `role`, `isEmailVerified`, `isActive`, `googleId`, `avatar`, `emailVerificationToken`, `emailVerificationExpire`, `resetPasswordToken`, `resetPasswordExpire`, `otp`, `otpExpire`, `otpAttempts`, `lastLogin`, `createdAt`, `updatedAt` FROM `users` AS `User` WHERE `User`.`id` = 19;
Executing (default): SELECT `id`, `email`, `role`, `isEmailVerified`, `isActive`, `googleId`, `avatar`, `emailVerificationToken`, `emailVerificationExpire`, `resetPasswordToken`, `resetPasswordExpire`, `otp`, `otpExpire`, `otpAttempts`, `lastLogin`, `createdAt`, `updatedAt` FROM `users` AS `User` WHERE `User`.`id` = 19;
Executing (default): SELECT `id`, `userId`, `firstName`, `lastName`, `phone`, `permManageUsers`, `permManageTasks`, `permManageCompanies`, `permManageStudents`, `permViewAnalytics`, `permManageContent`, `permSystemSettings`, `isSuperAdmin`, `lastActivity`, `createdAt`, `updatedAt` FROM `admins` AS `Admin` WHERE `Admin`.`userId` = 19;
[0mGET /api/auth/me [32m200[0m 16.122 ms - 828[0m
Executing (default): SELECT `id`, `email`, `role`, `isEmailVerified`, `isActive`, `googleId`, `avatar`, `emailVerificationToken`, `emailVerificationExpire`, `resetPasswordToken`, `resetPasswordExpire`, `otp`, `otpExpire`, `otpAttempts`, `lastLogin`, `createdAt`, `updatedAt` FROM `users` AS `User` WHERE `User`.`id` = 4;
Executing (default): SELECT `id`, `userId`, `firstName`, `lastName`, `profilePicture`, `headline`, `phone`, `dateOfBirth`, `bio`, `locationCity`, `locationState`, `locationCountry`, `socialLinkedin`, `socialGithub`, `socialPortfolio`, `socialTwitter`, `resumeUrl`, `resumeUploadedAt`, `preferenceJobTypes`, `preferenceIndustries`, `preferenceLocations`, `preferenceRemoteWork`, `statTasksCompleted`, `statTasksInProgress`, `statCertificatesEarned`, `statAverageRating`, `statTotalRatings`, `profileCompletion`, `isProfilePublic`, `createdAt`, `updatedAt` FROM `students` AS `Student` WHERE `Student`.`userId` = 4;
Executing (default): SELECT count(DISTINCT(`Application`.`id`)) AS `count` FROM `applications` AS `Application` LEFT OUTER JOIN `tasks` AS `task` ON `Application`.`taskId` = `task`.`id` LEFT OUTER JOIN `task_skills` AS `task->skillsRequired` ON `task`.`id` = `task->skillsRequired`.`taskId` LEFT OUTER JOIN `companies` AS `task->company` ON `task`.`companyId` = `task->company`.`id` LEFT OUTER JOIN `application_attachments` AS `attachments` ON `Application`.`id` = `attachments`.`applicationId` WHERE `Application`.`studentId` = 1;
Executing (default): SELECT `Application`.`id`, `Application`.`taskId`, `Application`.`studentId`, `Application`.`coverLetter`, `Application`.`proposedRate`, `Application`.`proposedCurrency`, `Application`.`expectedStartDate`, `Application`.`availabilityHoursPerWeek`, `Application`.`resumeUrl`, `Application`.`portfolioUrl`, `Application`.`status`, `Application`.`matchScore`, `Application`.`rejectionReason`, `Application`.`companyNotes`, `Application`.`viewedByCompanyAt`, `Application`.`submittedAt`, `Application`.`decidedAt`, `Application`.`createdAt`, `Application`.`updatedAt`, `task`.`id` AS `task.id`, `task`.`title` AS `task.title`, `task`.`description` AS `task.description`, `task`.`category` AS `task.category`, `task`.`subcategory` AS `task.subcategory`, `task`.`companyId` AS `task.companyId`, `task`.`type` AS `task.type`, `task`.`durationValue` AS `task.durationValue`, `task`.`durationUnit` AS `task.durationUnit`, `task`.`workType` AS `task.workType`, `task`.`experienceLevel` AS `task.experienceLevel`, `task`.`requirements` AS `task.requirements`, `task`.`budgetType` AS `task.budgetType`, `task`.`budgetAmountMin` AS `task.budgetAmountMin`, `task`.`budgetAmountMax` AS `task.budgetAmountMax`, `task`.`budgetCurrency` AS `task.budgetCurrency`, `task`.`applicationDeadline` AS `task.applicationDeadline`, `task`.`startDate` AS `task.startDate`, `task`.`endDate` AS `task.endDate`, `task`.`status` AS `task.status`, `task`.`isPublic` AS `task.isPublic`, `task`.`isFeatured` AS `task.isFeatured`, `task`.`maxApplications` AS `task.maxApplications`, `task`.`applicationCount` AS `task.applicationCount`, `task`.`deliverables` AS `task.deliverables`, `task`.`benefits` AS `task.benefits`, `task`.`locationCity` AS `task.locationCity`, `task`.`locationState` AS `task.locationState`, `task`.`locationCountry` AS `task.locationCountry`, `task`.`locationTimezone` AS `task.locationTimezone`, `task`.`tags` AS `task.tags`, `task`.`searchKeywords` AS `task.searchKeywords`, `task`.`views` AS `task.views`, `task`.`saves` AS `task.saves`, `task`.`publishedAt` AS `task.publishedAt`, `task`.`closedAt` AS `task.closedAt`, `task`.`createdAt` AS `task.createdAt`, `task`.`updatedAt` AS `task.updatedAt`, `task->skillsRequired`.`id` AS `task.skillsRequired.id`, `task->skillsRequired`.`taskId` AS `task.skillsRequired.taskId`, `task->skillsRequired`.`name` AS `task.skillsRequired.name`, `task->skillsRequired`.`level` AS `task.skillsRequired.level`, `task->skillsRequired`.`required` AS `task.skillsRequired.required`, `task->company`.`id` AS `task.company.id`, `task->company`.`companyName` AS `task.company.companyName`, `task->company`.`logo` AS `task.company.logo`, `task->company`.`industry` AS `task.company.industry`, `task->company`.`locationCity` AS `task.company.locationCity`, `task->company`.`locationState` AS `task.company.locationState`, `task->company`.`locationCountry` AS `task.company.locationCountry`, `task->company`.`verificationIsVerified` AS `task.company.verificationIsVerified`, `attachments`.`id` AS `attachments.id`, `attachments`.`applicationId` AS `attachments.applicationId`, `attachments`.`name` AS `attachments.name`, `attachments`.`url` AS `attachments.url`, `attachments`.`type` AS `attachments.type` FROM `applications` AS `Application` LEFT OUTER JOIN `tasks` AS `task` ON `Application`.`taskId` = `task`.`id` LEFT OUTER JOIN `task_skills` AS `task->skillsRequired` ON `task`.`id` = `task->skillsRequired`.`taskId` LEFT OUTER JOIN `companies` AS `task->company` ON `task`.`companyId` = `task->company`.`id` LEFT OUTER JOIN `application_attachments` AS `attachments` ON `Application`.`id` = `attachments`.`applicationId` WHERE `Application`.`studentId` = 1 ORDER BY `Application`.`submittedAt` DESC LIMIT 0, 3;
[0mGET /api/applications/me?limit=3 [32m200[0m 31.798 ms - 3063[0m
Executing (default): SELECT `id`, `email`, `role`, `isEmailVerified`, `isActive`, `googleId`, `avatar`, `emailVerificationToken`, `emailVerificationExpire`, `resetPasswordToken`, `resetPasswordExpire`, `otp`, `otpExpire`, `otpAttempts`, `lastLogin`, `createdAt`, `updatedAt` FROM `users` AS `User` WHERE `User`.`id` = 1;
Executing (default): SELECT `id`, `userId`, `companyName`, `companySize`, `industry`, `foundedYear`, `website`, `description`, `logo`, `coverImage`, `locationAddress`, `locationCity`, `locationState`, `locationCountry`, `locationZipCode`, `contactPhone`, `contactEmail`, `contactPersonName`, `contactPersonDesignation`, `contactPersonEmail`, `contactPersonPhone`, `socialLinkedin`, `socialTwitter`, `socialFacebook`, `socialInstagram`, `cultureValues`, `cultureBenefits`, `cultureWorkEnvironment`, `verificationIsVerified`, `verificationVerifiedAt`, `statActiveTasks`, `statCompletedTasks`, `statTotalApplications`, `statHiredCandidates`, `statAverageRating`, `statTotalRatings`, `profileCompletion`, `isProfilePublic`, `subscriptionPlan`, `subscriptionExpiry`, `createdAt`, `updatedAt` FROM `companies` AS `Company` WHERE `Company`.`userId` = 1;
Executing (default): SELECT `id`, `title`, `description`, `category`, `subcategory`, `companyId`, `type`, `durationValue`, `durationUnit`, `workType`, `experienceLevel`, `requirements`, `budgetType`, `budgetAmountMin`, `budgetAmountMax`, `budgetCurrency`, `applicationDeadline`, `startDate`, `endDate`, `status`, `isPublic`, `isFeatured`, `maxApplications`, `applicationCount`, `deliverables`, `benefits`, `locationCity`, `locationState`, `locationCountry`, `locationTimezone`, `tags`, `searchKeywords`, `views`, `saves`, `publishedAt`, `closedAt`, `createdAt`, `updatedAt` FROM `tasks` AS `Task` WHERE `Task`.`id` = '1';
Executing (default): SELECT count(DISTINCT(`Application`.`id`)) AS `count` FROM `applications` AS `Application` LEFT OUTER JOIN `students` AS `student` ON `Application`.`studentId` = `student`.`id` LEFT OUTER JOIN `application_attachments` AS `attachments` ON `Application`.`id` = `attachments`.`applicationId` WHERE `Application`.`taskId` = 1;
Executing (default): SELECT `Application`.`id`, `Application`.`taskId`, `Application`.`studentId`, `Application`.`coverLetter`, `Application`.`proposedRate`, `Application`.`proposedCurrency`, `Application`.`expectedStartDate`, `Application`.`availabilityHoursPerWeek`, `Application`.`resumeUrl`, `Application`.`portfolioUrl`, `Application`.`status`, `Application`.`matchScore`, `Application`.`rejectionReason`, `Application`.`companyNotes`, `Application`.`viewedByCompanyAt`, `Application`.`submittedAt`, `Application`.`decidedAt`, `Application`.`createdAt`, `Application`.`updatedAt`, `student`.`id` AS `student.id`, `student`.`firstName` AS `student.firstName`, `student`.`lastName` AS `student.lastName`, `student`.`headline` AS `student.headline`, `student`.`profilePicture` AS `student.profilePicture`, `student`.`locationCity` AS `student.locationCity`, `student`.`locationCountry` AS `student.locationCountry`, `student`.`profileCompletion` AS `student.profileCompletion`, `attachments`.`id` AS `attachments.id`, `attachments`.`applicationId` AS `attachments.applicationId`, `attachments`.`name` AS `attachments.name`, `attachments`.`url` AS `attachments.url`, `attachments`.`type` AS `attachments.type` FROM `applications` AS `Application` LEFT OUTER JOIN `students` AS `student` ON `Application`.`studentId` = `student`.`id` LEFT OUTER JOIN `application_attachments` AS `attachments` ON `Application`.`id` = `attachments`.`applicationId` WHERE `Application`.`taskId` = 1 ORDER BY `Application`.`submittedAt` DESC LIMIT 0, 3;
Executing (default): SELECT `Task`.`id`, `Task`.`title`, `Task`.`description`, `Task`.`category`, `Task`.`subcategory`, `Task`.`companyId`, `Task`.`type`, `Task`.`durationValue`, `Task`.`durationUnit`, `Task`.`workType`, `Task`.`experienceLevel`, `Task`.`requirements`, `Task`.`budgetType`, `Task`.`budgetAmountMin`, `Task`.`budgetAmountMax`, `Task`.`budgetCurrency`, `Task`.`applicationDeadline`, `Task`.`startDate`, `Task`.`endDate`, `Task`.`status`, `Task`.`isPublic`, `Task`.`isFeatured`, `Task`.`maxApplications`, `Task`.`applicationCount`, `Task`.`deliverables`, `Task`.`benefits`, `Task`.`locationCity`, `Task`.`locationState`, `Task`.`locationCountry`, `Task`.`locationTimezone`, `Task`.`tags`, `Task`.`searchKeywords`, `Task`.`views`, `Task`.`saves`, `Task`.`publishedAt`, `Task`.`closedAt`, `Task`.`createdAt`, `Task`.`updatedAt`, `skillsRequired`.`id` AS `skillsRequired.id`, `skillsRequired`.`taskId` AS `skillsRequired.taskId`, `skillsRequired`.`name` AS `skillsRequired.name`, `skillsRequired`.`level` AS `skillsRequired.level`, `skillsRequired`.`required` AS `skillsRequired.required` FROM `tasks` AS `Task` LEFT OUTER JOIN `task_skills` AS `skillsRequired` ON `Task`.`id` = `skillsRequired`.`taskId` WHERE `Task`.`id` = 1;
Executing (default): SELECT `Student`.`id`, `Student`.`userId`, `Student`.`firstName`, `Student`.`lastName`, `Student`.`profilePicture`, `Student`.`headline`, `Student`.`phone`, `Student`.`dateOfBirth`, `Student`.`bio`, `Student`.`locationCity`, `Student`.`locationState`, `Student`.`locationCountry`, `Student`.`socialLinkedin`, `Student`.`socialGithub`, `Student`.`socialPortfolio`, `Student`.`socialTwitter`, `Student`.`resumeUrl`, `Student`.`resumeUploadedAt`, `Student`.`preferenceJobTypes`, `Student`.`preferenceIndustries`, `Student`.`preferenceLocations`, `Student`.`preferenceRemoteWork`, `Student`.`statTasksCompleted`, `Student`.`statTasksInProgress`, `Student`.`statCertificatesEarned`, `Student`.`statAverageRating`, `Student`.`statTotalRatings`, `Student`.`profileCompletion`, `Student`.`isProfilePublic`, `Student`.`createdAt`, `Student`.`updatedAt`, `skills`.`id` AS `skills.id`, `skills`.`studentId` AS `skills.studentId`, `skills`.`name` AS `skills.name`, `skills`.`level` AS `skills.level`, `skills`.`createdAt` AS `skills.createdAt`, `skills`.`updatedAt` AS `skills.updatedAt`, `experience`.`id` AS `experience.id`, `experience`.`studentId` AS `experience.studentId`, `experience`.`title` AS `experience.title`, `experience`.`company` AS `experience.company`, `experience`.`employmentType` AS `experience.employmentType`, `experience`.`location` AS `experience.location`, `experience`.`startDate` AS `experience.startDate`, `experience`.`endDate` AS `experience.endDate`, `experience`.`isCurrentlyWorking` AS `experience.isCurrentlyWorking`, `experience`.`description` AS `experience.description`, `experience`.`skills` AS `experience.skills`, `experience`.`createdAt` AS `experience.createdAt`, `experience`.`updatedAt` AS `experience.updatedAt`, `education`.`id` AS `education.id`, `education`.`studentId` AS `education.studentId`, `education`.`institution` AS `education.institution`, `education`.`degree` AS `education.degree`, `education`.`fieldOfStudy` AS `education.fieldOfStudy`, `education`.`startYear` AS `education.startYear`, `education`.`endYear` AS `education.endYear`, `education`.`isCurrentlyStudying` AS `education.isCurrentlyStudying`, `education`.`grade` AS `education.grade`, `education`.`description` AS `education.description`, `education`.`createdAt` AS `education.createdAt`, `education`.`updatedAt` AS `education.updatedAt` FROM `students` AS `Student` LEFT OUTER JOIN `student_skills` AS `skills` ON `Student`.`id` = `skills`.`studentId` LEFT OUTER JOIN `student_experiences` AS `experience` ON `Student`.`id` = `experience`.`studentId` LEFT OUTER JOIN `student_education` AS `education` ON `Student`.`id` = `education`.`studentId` WHERE `Student`.`id` IN (1, 2, 3);
[aiService] POST /rank-candidates ok 42ms
Executing (default): UPDATE `applications` SET `matchScore`=?,`updatedAt`=? WHERE `id` = ?
Executing (default): UPDATE `applications` SET `matchScore`=?,`updatedAt`=? WHERE `id` = ?
Executing (default): UPDATE `applications` SET `matchScore`=?,`updatedAt`=? WHERE `id` = ?
[0mGET /api/applications/tasks/1?limit=3 [32m200[0m 104.826 ms - 3587[0m
Executing (default): SELECT `id`, `email`, `role`, `isEmailVerified`, `isActive`, `googleId`, `avatar`, `emailVerificationToken`, `emailVerificationExpire`, `resetPasswordToken`, `resetPasswordExpire`, `otp`, `otpExpire`, `otpAttempts`, `lastLogin`, `createdAt`, `updatedAt` FROM `users` AS `User` WHERE `User`.`id` = 1;
Executing (default): SELECT `id`, `userId`, `companyName`, `companySize`, `industry`, `foundedYear`, `website`, `description`, `logo`, `coverImage`, `locationAddress`, `locationCity`, `locationState`, `locationCountry`, `locationZipCode`, `contactPhone`, `contactEmail`, `contactPersonName`, `contactPersonDesignation`, `contactPersonEmail`, `contactPersonPhone`, `socialLinkedin`, `socialTwitter`, `socialFacebook`, `socialInstagram`, `cultureValues`, `cultureBenefits`, `cultureWorkEnvironment`, `verificationIsVerified`, `verificationVerifiedAt`, `statActiveTasks`, `statCompletedTasks`, `statTotalApplications`, `statHiredCandidates`, `statAverageRating`, `statTotalRatings`, `profileCompletion`, `isProfilePublic`, `subscriptionPlan`, `subscriptionExpiry`, `createdAt`, `updatedAt` FROM `companies` AS `Company` WHERE `Company`.`userId` = 1;
Executing (default): SELECT count(*) AS `count` FROM `interviews` AS `Interview` WHERE `Interview`.`companyId` = 1 AND `Interview`.`scheduledAt` BETWEEN '2026-08-29 18:07:33' AND '2026-09-05 18:07:33' AND `Interview`.`status` IN ('scheduled', 'rescheduled');
Executing (default): SELECT `status`, COUNT(`id`) AS `count` FROM `interviews` AS `Interview` WHERE `Interview`.`companyId` = 1 GROUP BY `status`;
Executing (default): SELECT AVG(`companyRating`) AS `avgCompany`, AVG(`studentRating`) AS `avgStudent` FROM `interviews` AS `Interview` WHERE `Interview`.`companyId` = 1 LIMIT 1;
[0mGET /api/interviews/company/stats [32m200[0m 17.306 ms - 183[0m
Executing (default): SELECT count(DISTINCT(`Task`.`id`)) AS `count` FROM `tasks` AS `Task` LEFT OUTER JOIN `task_skills` AS `skillsRequired` ON `Task`.`id` = `skillsRequired`.`taskId` LEFT OUTER JOIN `task_attachments` AS `attachments` ON `Task`.`id` = `attachments`.`taskId` LEFT OUTER JOIN `companies` AS `company` ON `Task`.`companyId` = `company`.`id` WHERE `Task`.`status` = 'active' AND `Task`.`isPublic` = true AND `Task`.`applicationDeadline` > '2026-08-29 18:07:33';
Executing (default): SELECT `Task`.`id`, `Task`.`title`, `Task`.`description`, `Task`.`category`, `Task`.`subcategory`, `Task`.`companyId`, `Task`.`type`, `Task`.`durationValue`, `Task`.`durationUnit`, `Task`.`workType`, `Task`.`experienceLevel`, `Task`.`requirements`, `Task`.`budgetType`, `Task`.`budgetAmountMin`, `Task`.`budgetAmountMax`, `Task`.`budgetCurrency`, `Task`.`applicationDeadline`, `Task`.`startDate`, `Task`.`endDate`, `Task`.`status`, `Task`.`isPublic`, `Task`.`isFeatured`, `Task`.`maxApplications`, `Task`.`applicationCount`, `Task`.`deliverables`, `Task`.`benefits`, `Task`.`locationCity`, `Task`.`locationState`, `Task`.`locationCountry`, `Task`.`locationTimezone`, `Task`.`tags`, `Task`.`searchKeywords`, `Task`.`views`, `Task`.`saves`, `Task`.`publishedAt`, `Task`.`closedAt`, `Task`.`createdAt`, `Task`.`updatedAt`, `skillsRequired`.`id` AS `skillsRequired.id`, `skillsRequired`.`taskId` AS `skillsRequired.taskId`, `skillsRequired`.`name` AS `skillsRequired.name`, `skillsRequired`.`level` AS `skillsRequired.level`, `skillsRequired`.`required` AS `skillsRequired.required`, `attachments`.`id` AS `attachments.id`, `attachments`.`taskId` AS `attachments.taskId`, `attachments`.`name` AS `attachments.name`, `attachments`.`url` AS `attachments.url`, `attachments`.`type` AS `attachments.type`, `attachments`.`createdAt` AS `attachments.createdAt`, `attachments`.`updatedAt` AS `attachments.updatedAt`, `company`.`id` AS `company.id`, `company`.`companyName` AS `company.companyName`, `company`.`logo` AS `company.logo`, `company`.`industry` AS `company.industry`, `company`.`locationCity` AS `company.locationCity`, `company`.`locationState` AS `company.locationState`, `company`.`locationCountry` AS `company.locationCountry`, `company`.`verificationIsVerified` AS `company.verificationIsVerified` FROM `tasks` AS `Task` LEFT OUTER JOIN `task_skills` AS `skillsRequired` ON `Task`.`id` = `skillsRequired`.`taskId` LEFT OUTER JOIN `task_attachments` AS `attachments` ON `Task`.`id` = `attachments`.`taskId` LEFT OUTER JOIN `companies` AS `company` ON `Task`.`companyId` = `company`.`id` WHERE `Task`.`status` = 'active' AND `Task`.`isPublic` = true AND `Task`.`applicationDeadline` > '2026-08-29 18:07:33' ORDER BY `Task`.`createdAt` DESC LIMIT 0, 2;
[0mGET /api/tasks?limit=2 [32m200[0m 31.790 ms - 2769[0m
[0mGET /health [32m200[0m 0.324 ms - 85[0m
